"","holiday","year","date"
"n.1","New Year",1900,1900-01-01
"n.2","New Year",1901,1901-01-01
"n.3","New Year",1902,1902-01-01
"n.4","New Year",1903,1903-01-01
"n.5","New Year",1904,1904-01-01
"n.6","New Year",1905,1905-01-01
"n.7","New Year",1906,1906-01-01
"n.8","New Year",1907,1907-01-01
"n.9","New Year",1908,1908-01-01
"n.10","New Year",1909,1909-01-01
"n.11","New Year",1910,1910-01-01
"n.12","New Year",1911,1911-01-01
"n.13","New Year",1912,1912-01-01
"n.14","New Year",1913,1913-01-01
"n.15","New Year",1914,1914-01-01
"n.16","New Year",1915,1915-01-01
"n.17","New Year",1916,1916-01-01
"n.18","New Year",1917,1917-01-01
"n.19","New Year",1918,1918-01-01
"n.20","New Year",1919,1919-01-01
"n.21","New Year",1920,1920-01-01
"n.22","New Year",1921,1921-01-01
"n.23","New Year",1922,1922-01-01
"n.24","New Year",1923,1923-01-01
"n.25","New Year",1924,1924-01-01
"n.26","New Year",1925,1925-01-01
"n.27","New Year",1926,1926-01-01
"n.28","New Year",1927,1927-01-01
"n.29","New Year",1928,1928-01-01
"n.30","New Year",1929,1929-01-01
"n.31","New Year",1930,1930-01-01
"n.32","New Year",1931,1931-01-01
"n.33","New Year",1932,1932-01-01
"n.34","New Year",1933,1933-01-01
"n.35","New Year",1934,1934-01-01
"n.36","New Year",1935,1935-01-01
"n.37","New Year",1936,1936-01-01
"n.38","New Year",1937,1937-01-01
"n.39","New Year",1938,1938-01-01
"n.40","New Year",1939,1939-01-01
"n.41","New Year",1940,1940-01-01
"n.42","New Year",1941,1941-01-01
"n.43","New Year",1942,1942-01-01
"n.44","New Year",1943,1943-01-01
"n.45","New Year",1944,1944-01-01
"n.46","New Year",1945,1945-01-01
"n.47","New Year",1946,1946-01-01
"n.48","New Year",1947,1947-01-01
"n.49","New Year",1948,1948-01-01
"n.50","New Year",1949,1949-01-01
"n.51","New Year",1950,1950-01-01
"n.52","New Year",1951,1951-01-01
"n.53","New Year",1952,1952-01-01
"n.54","New Year",1953,1953-01-01
"n.55","New Year",1954,1954-01-01
"n.56","New Year",1955,1955-01-01
"n.57","New Year",1956,1956-01-01
"n.58","New Year",1957,1957-01-01
"n.59","New Year",1958,1958-01-01
"n.60","New Year",1959,1959-01-01
"n.61","New Year",1960,1960-01-01
"n.62","New Year",1961,1961-01-01
"n.63","New Year",1962,1962-01-01
"n.64","New Year",1963,1963-01-01
"n.65","New Year",1964,1964-01-01
"n.66","New Year",1965,1965-01-01
"n.67","New Year",1966,1966-01-01
"n.68","New Year",1967,1967-01-01
"n.69","New Year",1968,1968-01-01
"n.70","New Year",1969,1969-01-01
"n.71","New Year",1970,1970-01-01
"n.72","New Year",1971,1971-01-01
"n.73","New Year",1972,1972-01-01
"n.74","New Year",1973,1973-01-01
"n.75","New Year",1974,1974-01-01
"n.76","New Year",1975,1975-01-01
"n.77","New Year",1976,1976-01-01
"n.78","New Year",1977,1977-01-01
"n.79","New Year",1978,1978-01-01
"n.80","New Year",1979,1979-01-01
"n.81","New Year",1980,1980-01-01
"n.82","New Year",1981,1981-01-01
"n.83","New Year",1982,1982-01-01
"n.84","New Year",1983,1983-01-01
"n.85","New Year",1984,1984-01-01
"n.86","New Year",1985,1985-01-01
"n.87","New Year",1986,1986-01-01
"n.88","New Year",1987,1987-01-01
"n.89","New Year",1988,1988-01-01
"n.90","New Year",1989,1989-01-01
"n.91","New Year",1990,1990-01-01
"n.92","New Year",1991,1991-01-01
"n.93","New Year",1992,1992-01-01
"n.94","New Year",1993,1993-01-01
"n.95","New Year",1994,1994-01-01
"n.96","New Year",1995,1995-01-01
"n.97","New Year",1996,1996-01-01
"n.98","New Year",1997,1997-01-01
"n.99","New Year",1998,1998-01-01
"n.100","New Year",1999,1999-01-01
"n.101","New Year",2000,2000-01-01
"n.102","New Year",2001,2001-01-01
"n.103","New Year",2002,2002-01-01
"n.104","New Year",2003,2003-01-01
"n.105","New Year",2004,2004-01-01
"n.106","New Year",2005,2005-01-01
"n.107","New Year",2006,2006-01-01
"n.108","New Year",2007,2007-01-01
"n.109","New Year",2008,2008-01-01
"n.110","New Year",2009,2009-01-01
"n.111","New Year",2010,2010-01-01
"n.112","New Year",2011,2011-01-01
"n.113","New Year",2012,2012-01-01
"n.114","New Year",2013,2013-01-01
"n.115","New Year",2014,2014-01-01
"n.116","New Year",2015,2015-01-01
"n.117","New Year",2016,2016-01-01
"n.118","New Year",2017,2017-01-01
"n.119","New Year",2018,2018-01-01
"n.120","New Year",2019,2019-01-01
"n.121","New Year",2020,2020-01-01
"n.122","New Year",2021,2021-01-01
"n.123","New Year",2022,2022-01-01
"n.124","New Year",2023,2023-01-01
"n.125","New Year",2024,2024-01-01
"n.126","New Year",2025,2025-01-01
"n.127","New Year",2026,2026-01-01
"n.128","New Year",2027,2027-01-01
"n.129","New Year",2028,2028-01-01
"n.130","New Year",2029,2029-01-01
"n.131","New Year",2030,2030-01-01
"n.132","New Year",2031,2031-01-01
"n.133","New Year",2032,2032-01-01
"n.134","New Year",2033,2033-01-01
"n.135","New Year",2034,2034-01-01
"n.136","New Year",2035,2035-01-01
"n.137","New Year",2036,2036-01-01
"n.138","New Year",2037,2037-01-01
"n.139","New Year",2038,2038-01-01
"n.140","New Year",2039,2039-01-01
"n.141","New Year",2040,2040-01-01
"n.142","New Year",2041,2041-01-01
"n.143","New Year",2042,2042-01-01
"n.144","New Year",2043,2043-01-01
"n.145","New Year",2044,2044-01-01
"n.146","New Year",2045,2045-01-01
"n.147","New Year",2046,2046-01-01
"n.148","New Year",2047,2047-01-01
"n.149","New Year",2048,2048-01-01
"n.150","New Year",2049,2049-01-01
"n.151","New Year",2050,2050-01-01
"n.152","New Year",2051,2051-01-01
"n.153","New Year",2052,2052-01-01
"n.154","New Year",2053,2053-01-01
"n.155","New Year",2054,2054-01-01
"n.156","New Year",2055,2055-01-01
"n.157","New Year",2056,2056-01-01
"n.158","New Year",2057,2057-01-01
"n.159","New Year",2058,2058-01-01
"n.160","New Year",2059,2059-01-01
"n.161","New Year",2060,2060-01-01
"n.162","New Year",2061,2061-01-01
"n.163","New Year",2062,2062-01-01
"n.164","New Year",2063,2063-01-01
"n.165","New Year",2064,2064-01-01
"n.166","New Year",2065,2065-01-01
"n.167","New Year",2066,2066-01-01
"n.168","New Year",2067,2067-01-01
"n.169","New Year",2068,2068-01-01
"n.170","New Year",2069,2069-01-01
"n.171","New Year",2070,2070-01-01
"n.172","New Year",2071,2071-01-01
"n.173","New Year",2072,2072-01-01
"n.174","New Year",2073,2073-01-01
"n.175","New Year",2074,2074-01-01
"n.176","New Year",2075,2075-01-01
"n.177","New Year",2076,2076-01-01
"n.178","New Year",2077,2077-01-01
"n.179","New Year",2078,2078-01-01
"n.180","New Year",2079,2079-01-01
"n.181","New Year",2080,2080-01-01
"n.182","New Year",2081,2081-01-01
"n.183","New Year",2082,2082-01-01
"n.184","New Year",2083,2083-01-01
"n.185","New Year",2084,2084-01-01
"n.186","New Year",2085,2085-01-01
"n.187","New Year",2086,2086-01-01
"n.188","New Year",2087,2087-01-01
"n.189","New Year",2088,2088-01-01
"n.190","New Year",2089,2089-01-01
"n.191","New Year",2090,2090-01-01
"n.192","New Year",2091,2091-01-01
"n.193","New Year",2092,2092-01-01
"n.194","New Year",2093,2093-01-01
"n.195","New Year",2094,2094-01-01
"n.196","New Year",2095,2095-01-01
"n.197","New Year",2096,2096-01-01
"n.198","New Year",2097,2097-01-01
"n.199","New Year",2098,2098-01-01
"n.200","New Year",2099,2099-01-01
"n.201","New Year",2100,2100-01-01
"m.1","Martin Luther King Jr. Day",1900,1900-01-15
"m.2","Martin Luther King Jr. Day",1901,1901-01-21
"m.3","Martin Luther King Jr. Day",1902,1902-01-20
"m.4","Martin Luther King Jr. Day",1903,1903-01-19
"m.5","Martin Luther King Jr. Day",1904,1904-01-18
"m.6","Martin Luther King Jr. Day",1905,1905-01-16
"m.7","Martin Luther King Jr. Day",1906,1906-01-15
"m.8","Martin Luther King Jr. Day",1907,1907-01-21
"m.9","Martin Luther King Jr. Day",1908,1908-01-20
"m.10","Martin Luther King Jr. Day",1909,1909-01-18
"m.11","Martin Luther King Jr. Day",1910,1910-01-17
"m.12","Martin Luther King Jr. Day",1911,1911-01-16
"m.13","Martin Luther King Jr. Day",1912,1912-01-15
"m.14","Martin Luther King Jr. Day",1913,1913-01-20
"m.15","Martin Luther King Jr. Day",1914,1914-01-19
"m.16","Martin Luther King Jr. Day",1915,1915-01-18
"m.17","Martin Luther King Jr. Day",1916,1916-01-17
"m.18","Martin Luther King Jr. Day",1917,1917-01-15
"m.19","Martin Luther King Jr. Day",1918,1918-01-21
"m.20","Martin Luther King Jr. Day",1919,1919-01-20
"m.21","Martin Luther King Jr. Day",1920,1920-01-19
"m.22","Martin Luther King Jr. Day",1921,1921-01-17
"m.23","Martin Luther King Jr. Day",1922,1922-01-16
"m.24","Martin Luther King Jr. Day",1923,1923-01-15
"m.25","Martin Luther King Jr. Day",1924,1924-01-21
"m.26","Martin Luther King Jr. Day",1925,1925-01-19
"m.27","Martin Luther King Jr. Day",1926,1926-01-18
"m.28","Martin Luther King Jr. Day",1927,1927-01-17
"m.29","Martin Luther King Jr. Day",1928,1928-01-16
"m.30","Martin Luther King Jr. Day",1929,1929-01-21
"m.31","Martin Luther King Jr. Day",1930,1930-01-20
"m.32","Martin Luther King Jr. Day",1931,1931-01-19
"m.33","Martin Luther King Jr. Day",1932,1932-01-18
"m.34","Martin Luther King Jr. Day",1933,1933-01-16
"m.35","Martin Luther King Jr. Day",1934,1934-01-15
"m.36","Martin Luther King Jr. Day",1935,1935-01-21
"m.37","Martin Luther King Jr. Day",1936,1936-01-20
"m.38","Martin Luther King Jr. Day",1937,1937-01-18
"m.39","Martin Luther King Jr. Day",1938,1938-01-17
"m.40","Martin Luther King Jr. Day",1939,1939-01-16
"m.41","Martin Luther King Jr. Day",1940,1940-01-15
"m.42","Martin Luther King Jr. Day",1941,1941-01-20
"m.43","Martin Luther King Jr. Day",1942,1942-01-19
"m.44","Martin Luther King Jr. Day",1943,1943-01-18
"m.45","Martin Luther King Jr. Day",1944,1944-01-17
"m.46","Martin Luther King Jr. Day",1945,1945-01-15
"m.47","Martin Luther King Jr. Day",1946,1946-01-21
"m.48","Martin Luther King Jr. Day",1947,1947-01-20
"m.49","Martin Luther King Jr. Day",1948,1948-01-19
"m.50","Martin Luther King Jr. Day",1949,1949-01-17
"m.51","Martin Luther King Jr. Day",1950,1950-01-16
"m.52","Martin Luther King Jr. Day",1951,1951-01-15
"m.53","Martin Luther King Jr. Day",1952,1952-01-21
"m.54","Martin Luther King Jr. Day",1953,1953-01-19
"m.55","Martin Luther King Jr. Day",1954,1954-01-18
"m.56","Martin Luther King Jr. Day",1955,1955-01-17
"m.57","Martin Luther King Jr. Day",1956,1956-01-16
"m.58","Martin Luther King Jr. Day",1957,1957-01-21
"m.59","Martin Luther King Jr. Day",1958,1958-01-20
"m.60","Martin Luther King Jr. Day",1959,1959-01-19
"m.61","Martin Luther King Jr. Day",1960,1960-01-18
"m.62","Martin Luther King Jr. Day",1961,1961-01-16
"m.63","Martin Luther King Jr. Day",1962,1962-01-15
"m.64","Martin Luther King Jr. Day",1963,1963-01-21
"m.65","Martin Luther King Jr. Day",1964,1964-01-20
"m.66","Martin Luther King Jr. Day",1965,1965-01-18
"m.67","Martin Luther King Jr. Day",1966,1966-01-17
"m.68","Martin Luther King Jr. Day",1967,1967-01-16
"m.69","Martin Luther King Jr. Day",1968,1968-01-15
"m.70","Martin Luther King Jr. Day",1969,1969-01-20
"m.71","Martin Luther King Jr. Day",1970,1970-01-19
"m.72","Martin Luther King Jr. Day",1971,1971-01-18
"m.73","Martin Luther King Jr. Day",1972,1972-01-17
"m.74","Martin Luther King Jr. Day",1973,1973-01-15
"m.75","Martin Luther King Jr. Day",1974,1974-01-21
"m.76","Martin Luther King Jr. Day",1975,1975-01-20
"m.77","Martin Luther King Jr. Day",1976,1976-01-19
"m.78","Martin Luther King Jr. Day",1977,1977-01-17
"m.79","Martin Luther King Jr. Day",1978,1978-01-16
"m.80","Martin Luther King Jr. Day",1979,1979-01-15
"m.81","Martin Luther King Jr. Day",1980,1980-01-21
"m.82","Martin Luther King Jr. Day",1981,1981-01-19
"m.83","Martin Luther King Jr. Day",1982,1982-01-18
"m.84","Martin Luther King Jr. Day",1983,1983-01-17
"m.85","Martin Luther King Jr. Day",1984,1984-01-16
"m.86","Martin Luther King Jr. Day",1985,1985-01-21
"m.87","Martin Luther King Jr. Day",1986,1986-01-20
"m.88","Martin Luther King Jr. Day",1987,1987-01-19
"m.89","Martin Luther King Jr. Day",1988,1988-01-18
"m.90","Martin Luther King Jr. Day",1989,1989-01-16
"m.91","Martin Luther King Jr. Day",1990,1990-01-15
"m.92","Martin Luther King Jr. Day",1991,1991-01-21
"m.93","Martin Luther King Jr. Day",1992,1992-01-20
"m.94","Martin Luther King Jr. Day",1993,1993-01-18
"m.95","Martin Luther King Jr. Day",1994,1994-01-17
"m.96","Martin Luther King Jr. Day",1995,1995-01-16
"m.97","Martin Luther King Jr. Day",1996,1996-01-15
"m.98","Martin Luther King Jr. Day",1997,1997-01-20
"m.99","Martin Luther King Jr. Day",1998,1998-01-19
"m.100","Martin Luther King Jr. Day",1999,1999-01-18
"m.101","Martin Luther King Jr. Day",2000,2000-01-17
"m.102","Martin Luther King Jr. Day",2001,2001-01-15
"m.103","Martin Luther King Jr. Day",2002,2002-01-21
"m.104","Martin Luther King Jr. Day",2003,2003-01-20
"m.105","Martin Luther King Jr. Day",2004,2004-01-19
"m.106","Martin Luther King Jr. Day",2005,2005-01-17
"m.107","Martin Luther King Jr. Day",2006,2006-01-16
"m.108","Martin Luther King Jr. Day",2007,2007-01-15
"m.109","Martin Luther King Jr. Day",2008,2008-01-21
"m.110","Martin Luther King Jr. Day",2009,2009-01-19
"m.111","Martin Luther King Jr. Day",2010,2010-01-18
"m.112","Martin Luther King Jr. Day",2011,2011-01-17
"m.113","Martin Luther King Jr. Day",2012,2012-01-16
"m.114","Martin Luther King Jr. Day",2013,2013-01-21
"m.115","Martin Luther King Jr. Day",2014,2014-01-20
"m.116","Martin Luther King Jr. Day",2015,2015-01-19
"m.117","Martin Luther King Jr. Day",2016,2016-01-18
"m.118","Martin Luther King Jr. Day",2017,2017-01-16
"m.119","Martin Luther King Jr. Day",2018,2018-01-15
"m.120","Martin Luther King Jr. Day",2019,2019-01-21
"m.121","Martin Luther King Jr. Day",2020,2020-01-20
"m.122","Martin Luther King Jr. Day",2021,2021-01-18
"m.123","Martin Luther King Jr. Day",2022,2022-01-17
"m.124","Martin Luther King Jr. Day",2023,2023-01-16
"m.125","Martin Luther King Jr. Day",2024,2024-01-15
"m.126","Martin Luther King Jr. Day",2025,2025-01-20
"m.127","Martin Luther King Jr. Day",2026,2026-01-19
"m.128","Martin Luther King Jr. Day",2027,2027-01-18
"m.129","Martin Luther King Jr. Day",2028,2028-01-17
"m.130","Martin Luther King Jr. Day",2029,2029-01-15
"m.131","Martin Luther King Jr. Day",2030,2030-01-21
"m.132","Martin Luther King Jr. Day",2031,2031-01-20
"m.133","Martin Luther King Jr. Day",2032,2032-01-19
"m.134","Martin Luther King Jr. Day",2033,2033-01-17
"m.135","Martin Luther King Jr. Day",2034,2034-01-16
"m.136","Martin Luther King Jr. Day",2035,2035-01-15
"m.137","Martin Luther King Jr. Day",2036,2036-01-21
"m.138","Martin Luther King Jr. Day",2037,2037-01-19
"m.139","Martin Luther King Jr. Day",2038,2038-01-18
"m.140","Martin Luther King Jr. Day",2039,2039-01-17
"m.141","Martin Luther King Jr. Day",2040,2040-01-16
"m.142","Martin Luther King Jr. Day",2041,2041-01-21
"m.143","Martin Luther King Jr. Day",2042,2042-01-20
"m.144","Martin Luther King Jr. Day",2043,2043-01-19
"m.145","Martin Luther King Jr. Day",2044,2044-01-18
"m.146","Martin Luther King Jr. Day",2045,2045-01-16
"m.147","Martin Luther King Jr. Day",2046,2046-01-15
"m.148","Martin Luther King Jr. Day",2047,2047-01-21
"m.149","Martin Luther King Jr. Day",2048,2048-01-20
"m.150","Martin Luther King Jr. Day",2049,2049-01-18
"m.151","Martin Luther King Jr. Day",2050,2050-01-17
"m.152","Martin Luther King Jr. Day",2051,2051-01-16
"m.153","Martin Luther King Jr. Day",2052,2052-01-15
"m.154","Martin Luther King Jr. Day",2053,2053-01-20
"m.155","Martin Luther King Jr. Day",2054,2054-01-19
"m.156","Martin Luther King Jr. Day",2055,2055-01-18
"m.157","Martin Luther King Jr. Day",2056,2056-01-17
"m.158","Martin Luther King Jr. Day",2057,2057-01-15
"m.159","Martin Luther King Jr. Day",2058,2058-01-21
"m.160","Martin Luther King Jr. Day",2059,2059-01-20
"m.161","Martin Luther King Jr. Day",2060,2060-01-19
"m.162","Martin Luther King Jr. Day",2061,2061-01-17
"m.163","Martin Luther King Jr. Day",2062,2062-01-16
"m.164","Martin Luther King Jr. Day",2063,2063-01-15
"m.165","Martin Luther King Jr. Day",2064,2064-01-21
"m.166","Martin Luther King Jr. Day",2065,2065-01-19
"m.167","Martin Luther King Jr. Day",2066,2066-01-18
"m.168","Martin Luther King Jr. Day",2067,2067-01-17
"m.169","Martin Luther King Jr. Day",2068,2068-01-16
"m.170","Martin Luther King Jr. Day",2069,2069-01-21
"m.171","Martin Luther King Jr. Day",2070,2070-01-20
"m.172","Martin Luther King Jr. Day",2071,2071-01-19
"m.173","Martin Luther King Jr. Day",2072,2072-01-18
"m.174","Martin Luther King Jr. Day",2073,2073-01-16
"m.175","Martin Luther King Jr. Day",2074,2074-01-15
"m.176","Martin Luther King Jr. Day",2075,2075-01-21
"m.177","Martin Luther King Jr. Day",2076,2076-01-20
"m.178","Martin Luther King Jr. Day",2077,2077-01-18
"m.179","Martin Luther King Jr. Day",2078,2078-01-17
"m.180","Martin Luther King Jr. Day",2079,2079-01-16
"m.181","Martin Luther King Jr. Day",2080,2080-01-15
"m.182","Martin Luther King Jr. Day",2081,2081-01-20
"m.183","Martin Luther King Jr. Day",2082,2082-01-19
"m.184","Martin Luther King Jr. Day",2083,2083-01-18
"m.185","Martin Luther King Jr. Day",2084,2084-01-17
"m.186","Martin Luther King Jr. Day",2085,2085-01-15
"m.187","Martin Luther King Jr. Day",2086,2086-01-21
"m.188","Martin Luther King Jr. Day",2087,2087-01-20
"m.189","Martin Luther King Jr. Day",2088,2088-01-19
"m.190","Martin Luther King Jr. Day",2089,2089-01-17
"m.191","Martin Luther King Jr. Day",2090,2090-01-16
"m.192","Martin Luther King Jr. Day",2091,2091-01-15
"m.193","Martin Luther King Jr. Day",2092,2092-01-21
"m.194","Martin Luther King Jr. Day",2093,2093-01-19
"m.195","Martin Luther King Jr. Day",2094,2094-01-18
"m.196","Martin Luther King Jr. Day",2095,2095-01-17
"m.197","Martin Luther King Jr. Day",2096,2096-01-16
"m.198","Martin Luther King Jr. Day",2097,2097-01-21
"m.199","Martin Luther King Jr. Day",2098,2098-01-20
"m.200","Martin Luther King Jr. Day",2099,2099-01-19
"m.201","Martin Luther King Jr. Day",2100,2100-01-18
"su.1","Super Bowl",1900,1900-02-04
"su.2","Super Bowl",1901,1901-02-03
"su.3","Super Bowl",1902,1902-02-02
"su.4","Super Bowl",1903,1903-02-01
"su.5","Super Bowl",1904,1904-02-07
"su.6","Super Bowl",1905,1905-02-05
"su.7","Super Bowl",1906,1906-02-04
"su.8","Super Bowl",1907,1907-02-03
"su.9","Super Bowl",1908,1908-02-02
"su.10","Super Bowl",1909,1909-02-07
"su.11","Super Bowl",1910,1910-02-06
"su.12","Super Bowl",1911,1911-02-05
"su.13","Super Bowl",1912,1912-02-04
"su.14","Super Bowl",1913,1913-02-02
"su.15","Super Bowl",1914,1914-02-01
"su.16","Super Bowl",1915,1915-02-07
"su.17","Super Bowl",1916,1916-02-06
"su.18","Super Bowl",1917,1917-02-04
"su.19","Super Bowl",1918,1918-02-03
"su.20","Super Bowl",1919,1919-02-02
"su.21","Super Bowl",1920,1920-02-01
"su.22","Super Bowl",1921,1921-02-06
"su.23","Super Bowl",1922,1922-02-05
"su.24","Super Bowl",1923,1923-02-04
"su.25","Super Bowl",1924,1924-02-03
"su.26","Super Bowl",1925,1925-02-01
"su.27","Super Bowl",1926,1926-02-07
"su.28","Super Bowl",1927,1927-02-06
"su.29","Super Bowl",1928,1928-02-05
"su.30","Super Bowl",1929,1929-02-03
"su.31","Super Bowl",1930,1930-02-02
"su.32","Super Bowl",1931,1931-02-01
"su.33","Super Bowl",1932,1932-02-07
"su.34","Super Bowl",1933,1933-02-05
"su.35","Super Bowl",1934,1934-02-04
"su.36","Super Bowl",1935,1935-02-03
"su.37","Super Bowl",1936,1936-02-02
"su.38","Super Bowl",1937,1937-02-07
"su.39","Super Bowl",1938,1938-02-06
"su.40","Super Bowl",1939,1939-02-05
"su.41","Super Bowl",1940,1940-02-04
"su.42","Super Bowl",1941,1941-02-02
"su.43","Super Bowl",1942,1942-02-01
"su.44","Super Bowl",1943,1943-02-07
"su.45","Super Bowl",1944,1944-02-06
"su.46","Super Bowl",1945,1945-02-04
"su.47","Super Bowl",1946,1946-02-03
"su.48","Super Bowl",1947,1947-02-02
"su.49","Super Bowl",1948,1948-02-01
"su.50","Super Bowl",1949,1949-02-06
"su.51","Super Bowl",1950,1950-02-05
"su.52","Super Bowl",1951,1951-02-04
"su.53","Super Bowl",1952,1952-02-03
"su.54","Super Bowl",1953,1953-02-01
"su.55","Super Bowl",1954,1954-02-07
"su.56","Super Bowl",1955,1955-02-06
"su.57","Super Bowl",1956,1956-02-05
"su.58","Super Bowl",1957,1957-02-03
"su.59","Super Bowl",1958,1958-02-02
"su.60","Super Bowl",1959,1959-02-01
"su.61","Super Bowl",1960,1960-02-07
"su.62","Super Bowl",1961,1961-02-05
"su.63","Super Bowl",1962,1962-02-04
"su.64","Super Bowl",1963,1963-02-03
"su.65","Super Bowl",1964,1964-02-02
"su.66","Super Bowl",1965,1965-02-07
"su.67","Super Bowl",1966,1966-02-06
"su.68","Super Bowl",1967,1967-02-05
"su.69","Super Bowl",1968,1968-02-04
"su.70","Super Bowl",1969,1969-02-02
"su.71","Super Bowl",1970,1970-02-01
"su.72","Super Bowl",1971,1971-02-07
"su.73","Super Bowl",1972,1972-02-06
"su.74","Super Bowl",1973,1973-02-04
"su.75","Super Bowl",1974,1974-02-03
"su.76","Super Bowl",1975,1975-02-02
"su.77","Super Bowl",1976,1976-02-01
"su.78","Super Bowl",1977,1977-02-06
"su.79","Super Bowl",1978,1978-02-05
"su.80","Super Bowl",1979,1979-02-04
"su.81","Super Bowl",1980,1980-02-03
"su.82","Super Bowl",1981,1981-02-01
"su.83","Super Bowl",1982,1982-02-07
"su.84","Super Bowl",1983,1983-02-06
"su.85","Super Bowl",1984,1984-02-05
"su.86","Super Bowl",1985,1985-02-03
"su.87","Super Bowl",1986,1986-02-02
"su.88","Super Bowl",1987,1987-02-01
"su.89","Super Bowl",1988,1988-02-07
"su.90","Super Bowl",1989,1989-02-05
"su.91","Super Bowl",1990,1990-02-04
"su.92","Super Bowl",1991,1991-02-03
"su.93","Super Bowl",1992,1992-02-02
"su.94","Super Bowl",1993,1993-02-07
"su.95","Super Bowl",1994,1994-02-06
"su.96","Super Bowl",1995,1995-02-05
"su.97","Super Bowl",1996,1996-02-04
"su.98","Super Bowl",1997,1997-02-02
"su.99","Super Bowl",1998,1998-02-01
"su.100","Super Bowl",1999,1999-02-07
"su.101","Super Bowl",2000,2000-02-06
"su.102","Super Bowl",2001,2001-02-04
"su.103","Super Bowl",2002,2002-02-03
"su.104","Super Bowl",2003,2003-02-02
"su.105","Super Bowl",2004,2004-02-01
"su.106","Super Bowl",2005,2005-02-06
"su.107","Super Bowl",2006,2006-02-05
"su.108","Super Bowl",2007,2007-02-04
"su.109","Super Bowl",2008,2008-02-03
"su.110","Super Bowl",2009,2009-02-01
"su.111","Super Bowl",2010,2010-02-07
"su.112","Super Bowl",2011,2011-02-06
"su.113","Super Bowl",2012,2012-02-05
"su.114","Super Bowl",2013,2013-02-03
"su.115","Super Bowl",2014,2014-02-02
"su.116","Super Bowl",2015,2015-02-01
"su.117","Super Bowl",2016,2016-02-07
"su.118","Super Bowl",2017,2017-02-05
"su.119","Super Bowl",2018,2018-02-04
"su.120","Super Bowl",2019,2019-02-03
"su.121","Super Bowl",2020,2020-02-02
"su.122","Super Bowl",2021,2021-02-07
"su.123","Super Bowl",2022,2022-02-06
"su.124","Super Bowl",2023,2023-02-05
"su.125","Super Bowl",2024,2024-02-04
"su.126","Super Bowl",2025,2025-02-02
"su.127","Super Bowl",2026,2026-02-01
"su.128","Super Bowl",2027,2027-02-07
"su.129","Super Bowl",2028,2028-02-06
"su.130","Super Bowl",2029,2029-02-04
"su.131","Super Bowl",2030,2030-02-03
"su.132","Super Bowl",2031,2031-02-02
"su.133","Super Bowl",2032,2032-02-01
"su.134","Super Bowl",2033,2033-02-06
"su.135","Super Bowl",2034,2034-02-05
"su.136","Super Bowl",2035,2035-02-04
"su.137","Super Bowl",2036,2036-02-03
"su.138","Super Bowl",2037,2037-02-01
"su.139","Super Bowl",2038,2038-02-07
"su.140","Super Bowl",2039,2039-02-06
"su.141","Super Bowl",2040,2040-02-05
"su.142","Super Bowl",2041,2041-02-03
"su.143","Super Bowl",2042,2042-02-02
"su.144","Super Bowl",2043,2043-02-01
"su.145","Super Bowl",2044,2044-02-07
"su.146","Super Bowl",2045,2045-02-05
"su.147","Super Bowl",2046,2046-02-04
"su.148","Super Bowl",2047,2047-02-03
"su.149","Super Bowl",2048,2048-02-02
"su.150","Super Bowl",2049,2049-02-07
"su.151","Super Bowl",2050,2050-02-06
"su.152","Super Bowl",2051,2051-02-05
"su.153","Super Bowl",2052,2052-02-04
"su.154","Super Bowl",2053,2053-02-02
"su.155","Super Bowl",2054,2054-02-01
"su.156","Super Bowl",2055,2055-02-07
"su.157","Super Bowl",2056,2056-02-06
"su.158","Super Bowl",2057,2057-02-04
"su.159","Super Bowl",2058,2058-02-03
"su.160","Super Bowl",2059,2059-02-02
"su.161","Super Bowl",2060,2060-02-01
"su.162","Super Bowl",2061,2061-02-06
"su.163","Super Bowl",2062,2062-02-05
"su.164","Super Bowl",2063,2063-02-04
"su.165","Super Bowl",2064,2064-02-03
"su.166","Super Bowl",2065,2065-02-01
"su.167","Super Bowl",2066,2066-02-07
"su.168","Super Bowl",2067,2067-02-06
"su.169","Super Bowl",2068,2068-02-05
"su.170","Super Bowl",2069,2069-02-03
"su.171","Super Bowl",2070,2070-02-02
"su.172","Super Bowl",2071,2071-02-01
"su.173","Super Bowl",2072,2072-02-07
"su.174","Super Bowl",2073,2073-02-05
"su.175","Super Bowl",2074,2074-02-04
"su.176","Super Bowl",2075,2075-02-03
"su.177","Super Bowl",2076,2076-02-02
"su.178","Super Bowl",2077,2077-02-07
"su.179","Super Bowl",2078,2078-02-06
"su.180","Super Bowl",2079,2079-02-05
"su.181","Super Bowl",2080,2080-02-04
"su.182","Super Bowl",2081,2081-02-02
"su.183","Super Bowl",2082,2082-02-01
"su.184","Super Bowl",2083,2083-02-07
"su.185","Super Bowl",2084,2084-02-06
"su.186","Super Bowl",2085,2085-02-04
"su.187","Super Bowl",2086,2086-02-03
"su.188","Super Bowl",2087,2087-02-02
"su.189","Super Bowl",2088,2088-02-01
"su.190","Super Bowl",2089,2089-02-06
"su.191","Super Bowl",2090,2090-02-05
"su.192","Super Bowl",2091,2091-02-04
"su.193","Super Bowl",2092,2092-02-03
"su.194","Super Bowl",2093,2093-02-01
"su.195","Super Bowl",2094,2094-02-07
"su.196","Super Bowl",2095,2095-02-06
"su.197","Super Bowl",2096,2096-02-05
"su.198","Super Bowl",2097,2097-02-03
"su.199","Super Bowl",2098,2098-02-02
"su.200","Super Bowl",2099,2099-02-01
"su.201","Super Bowl",2100,2100-02-07
"pr.1","Presidents Day",1900,1900-02-19
"pr.2","Presidents Day",1901,1901-02-18
"pr.3","Presidents Day",1902,1902-02-17
"pr.4","Presidents Day",1903,1903-02-16
"pr.5","Presidents Day",1904,1904-02-15
"pr.6","Presidents Day",1905,1905-02-20
"pr.7","Presidents Day",1906,1906-02-19
"pr.8","Presidents Day",1907,1907-02-18
"pr.9","Presidents Day",1908,1908-02-17
"pr.10","Presidents Day",1909,1909-02-15
"pr.11","Presidents Day",1910,1910-02-21
"pr.12","Presidents Day",1911,1911-02-20
"pr.13","Presidents Day",1912,1912-02-19
"pr.14","Presidents Day",1913,1913-02-17
"pr.15","Presidents Day",1914,1914-02-16
"pr.16","Presidents Day",1915,1915-02-15
"pr.17","Presidents Day",1916,1916-02-21
"pr.18","Presidents Day",1917,1917-02-19
"pr.19","Presidents Day",1918,1918-02-18
"pr.20","Presidents Day",1919,1919-02-17
"pr.21","Presidents Day",1920,1920-02-16
"pr.22","Presidents Day",1921,1921-02-21
"pr.23","Presidents Day",1922,1922-02-20
"pr.24","Presidents Day",1923,1923-02-19
"pr.25","Presidents Day",1924,1924-02-18
"pr.26","Presidents Day",1925,1925-02-16
"pr.27","Presidents Day",1926,1926-02-15
"pr.28","Presidents Day",1927,1927-02-21
"pr.29","Presidents Day",1928,1928-02-20
"pr.30","Presidents Day",1929,1929-02-18
"pr.31","Presidents Day",1930,1930-02-17
"pr.32","Presidents Day",1931,1931-02-16
"pr.33","Presidents Day",1932,1932-02-15
"pr.34","Presidents Day",1933,1933-02-20
"pr.35","Presidents Day",1934,1934-02-19
"pr.36","Presidents Day",1935,1935-02-18
"pr.37","Presidents Day",1936,1936-02-17
"pr.38","Presidents Day",1937,1937-02-15
"pr.39","Presidents Day",1938,1938-02-21
"pr.40","Presidents Day",1939,1939-02-20
"pr.41","Presidents Day",1940,1940-02-19
"pr.42","Presidents Day",1941,1941-02-17
"pr.43","Presidents Day",1942,1942-02-16
"pr.44","Presidents Day",1943,1943-02-15
"pr.45","Presidents Day",1944,1944-02-21
"pr.46","Presidents Day",1945,1945-02-19
"pr.47","Presidents Day",1946,1946-02-18
"pr.48","Presidents Day",1947,1947-02-17
"pr.49","Presidents Day",1948,1948-02-16
"pr.50","Presidents Day",1949,1949-02-21
"pr.51","Presidents Day",1950,1950-02-20
"pr.52","Presidents Day",1951,1951-02-19
"pr.53","Presidents Day",1952,1952-02-18
"pr.54","Presidents Day",1953,1953-02-16
"pr.55","Presidents Day",1954,1954-02-15
"pr.56","Presidents Day",1955,1955-02-21
"pr.57","Presidents Day",1956,1956-02-20
"pr.58","Presidents Day",1957,1957-02-18
"pr.59","Presidents Day",1958,1958-02-17
"pr.60","Presidents Day",1959,1959-02-16
"pr.61","Presidents Day",1960,1960-02-15
"pr.62","Presidents Day",1961,1961-02-20
"pr.63","Presidents Day",1962,1962-02-19
"pr.64","Presidents Day",1963,1963-02-18
"pr.65","Presidents Day",1964,1964-02-17
"pr.66","Presidents Day",1965,1965-02-15
"pr.67","Presidents Day",1966,1966-02-21
"pr.68","Presidents Day",1967,1967-02-20
"pr.69","Presidents Day",1968,1968-02-19
"pr.70","Presidents Day",1969,1969-02-17
"pr.71","Presidents Day",1970,1970-02-16
"pr.72","Presidents Day",1971,1971-02-15
"pr.73","Presidents Day",1972,1972-02-21
"pr.74","Presidents Day",1973,1973-02-19
"pr.75","Presidents Day",1974,1974-02-18
"pr.76","Presidents Day",1975,1975-02-17
"pr.77","Presidents Day",1976,1976-02-16
"pr.78","Presidents Day",1977,1977-02-21
"pr.79","Presidents Day",1978,1978-02-20
"pr.80","Presidents Day",1979,1979-02-19
"pr.81","Presidents Day",1980,1980-02-18
"pr.82","Presidents Day",1981,1981-02-16
"pr.83","Presidents Day",1982,1982-02-15
"pr.84","Presidents Day",1983,1983-02-21
"pr.85","Presidents Day",1984,1984-02-20
"pr.86","Presidents Day",1985,1985-02-18
"pr.87","Presidents Day",1986,1986-02-17
"pr.88","Presidents Day",1987,1987-02-16
"pr.89","Presidents Day",1988,1988-02-15
"pr.90","Presidents Day",1989,1989-02-20
"pr.91","Presidents Day",1990,1990-02-19
"pr.92","Presidents Day",1991,1991-02-18
"pr.93","Presidents Day",1992,1992-02-17
"pr.94","Presidents Day",1993,1993-02-15
"pr.95","Presidents Day",1994,1994-02-21
"pr.96","Presidents Day",1995,1995-02-20
"pr.97","Presidents Day",1996,1996-02-19
"pr.98","Presidents Day",1997,1997-02-17
"pr.99","Presidents Day",1998,1998-02-16
"pr.100","Presidents Day",1999,1999-02-15
"pr.101","Presidents Day",2000,2000-02-21
"pr.102","Presidents Day",2001,2001-02-19
"pr.103","Presidents Day",2002,2002-02-18
"pr.104","Presidents Day",2003,2003-02-17
"pr.105","Presidents Day",2004,2004-02-16
"pr.106","Presidents Day",2005,2005-02-21
"pr.107","Presidents Day",2006,2006-02-20
"pr.108","Presidents Day",2007,2007-02-19
"pr.109","Presidents Day",2008,2008-02-18
"pr.110","Presidents Day",2009,2009-02-16
"pr.111","Presidents Day",2010,2010-02-15
"pr.112","Presidents Day",2011,2011-02-21
"pr.113","Presidents Day",2012,2012-02-20
"pr.114","Presidents Day",2013,2013-02-18
"pr.115","Presidents Day",2014,2014-02-17
"pr.116","Presidents Day",2015,2015-02-16
"pr.117","Presidents Day",2016,2016-02-15
"pr.118","Presidents Day",2017,2017-02-20
"pr.119","Presidents Day",2018,2018-02-19
"pr.120","Presidents Day",2019,2019-02-18
"pr.121","Presidents Day",2020,2020-02-17
"pr.122","Presidents Day",2021,2021-02-15
"pr.123","Presidents Day",2022,2022-02-21
"pr.124","Presidents Day",2023,2023-02-20
"pr.125","Presidents Day",2024,2024-02-19
"pr.126","Presidents Day",2025,2025-02-17
"pr.127","Presidents Day",2026,2026-02-16
"pr.128","Presidents Day",2027,2027-02-15
"pr.129","Presidents Day",2028,2028-02-21
"pr.130","Presidents Day",2029,2029-02-19
"pr.131","Presidents Day",2030,2030-02-18
"pr.132","Presidents Day",2031,2031-02-17
"pr.133","Presidents Day",2032,2032-02-16
"pr.134","Presidents Day",2033,2033-02-21
"pr.135","Presidents Day",2034,2034-02-20
"pr.136","Presidents Day",2035,2035-02-19
"pr.137","Presidents Day",2036,2036-02-18
"pr.138","Presidents Day",2037,2037-02-16
"pr.139","Presidents Day",2038,2038-02-15
"pr.140","Presidents Day",2039,2039-02-21
"pr.141","Presidents Day",2040,2040-02-20
"pr.142","Presidents Day",2041,2041-02-18
"pr.143","Presidents Day",2042,2042-02-17
"pr.144","Presidents Day",2043,2043-02-16
"pr.145","Presidents Day",2044,2044-02-15
"pr.146","Presidents Day",2045,2045-02-20
"pr.147","Presidents Day",2046,2046-02-19
"pr.148","Presidents Day",2047,2047-02-18
"pr.149","Presidents Day",2048,2048-02-17
"pr.150","Presidents Day",2049,2049-02-15
"pr.151","Presidents Day",2050,2050-02-21
"pr.152","Presidents Day",2051,2051-02-20
"pr.153","Presidents Day",2052,2052-02-19
"pr.154","Presidents Day",2053,2053-02-17
"pr.155","Presidents Day",2054,2054-02-16
"pr.156","Presidents Day",2055,2055-02-15
"pr.157","Presidents Day",2056,2056-02-21
"pr.158","Presidents Day",2057,2057-02-19
"pr.159","Presidents Day",2058,2058-02-18
"pr.160","Presidents Day",2059,2059-02-17
"pr.161","Presidents Day",2060,2060-02-16
"pr.162","Presidents Day",2061,2061-02-21
"pr.163","Presidents Day",2062,2062-02-20
"pr.164","Presidents Day",2063,2063-02-19
"pr.165","Presidents Day",2064,2064-02-18
"pr.166","Presidents Day",2065,2065-02-16
"pr.167","Presidents Day",2066,2066-02-15
"pr.168","Presidents Day",2067,2067-02-21
"pr.169","Presidents Day",2068,2068-02-20
"pr.170","Presidents Day",2069,2069-02-18
"pr.171","Presidents Day",2070,2070-02-17
"pr.172","Presidents Day",2071,2071-02-16
"pr.173","Presidents Day",2072,2072-02-15
"pr.174","Presidents Day",2073,2073-02-20
"pr.175","Presidents Day",2074,2074-02-19
"pr.176","Presidents Day",2075,2075-02-18
"pr.177","Presidents Day",2076,2076-02-17
"pr.178","Presidents Day",2077,2077-02-15
"pr.179","Presidents Day",2078,2078-02-21
"pr.180","Presidents Day",2079,2079-02-20
"pr.181","Presidents Day",2080,2080-02-19
"pr.182","Presidents Day",2081,2081-02-17
"pr.183","Presidents Day",2082,2082-02-16
"pr.184","Presidents Day",2083,2083-02-15
"pr.185","Presidents Day",2084,2084-02-21
"pr.186","Presidents Day",2085,2085-02-19
"pr.187","Presidents Day",2086,2086-02-18
"pr.188","Presidents Day",2087,2087-02-17
"pr.189","Presidents Day",2088,2088-02-16
"pr.190","Presidents Day",2089,2089-02-21
"pr.191","Presidents Day",2090,2090-02-20
"pr.192","Presidents Day",2091,2091-02-19
"pr.193","Presidents Day",2092,2092-02-18
"pr.194","Presidents Day",2093,2093-02-16
"pr.195","Presidents Day",2094,2094-02-15
"pr.196","Presidents Day",2095,2095-02-21
"pr.197","Presidents Day",2096,2096-02-20
"pr.198","Presidents Day",2097,2097-02-18
"pr.199","Presidents Day",2098,2098-02-17
"pr.200","Presidents Day",2099,2099-02-16
"pr.201","Presidents Day",2100,2100-02-15
"me.1","Memorial Day",1900,1900-05-28
"me.2","Memorial Day",1901,1901-05-27
"me.3","Memorial Day",1902,1902-05-26
"me.4","Memorial Day",1903,1903-05-25
"me.5","Memorial Day",1904,1904-05-30
"me.6","Memorial Day",1905,1905-05-29
"me.7","Memorial Day",1906,1906-05-28
"me.8","Memorial Day",1907,1907-05-27
"me.9","Memorial Day",1908,1908-05-25
"me.10","Memorial Day",1909,1909-05-24
"me.11","Memorial Day",1910,1910-05-30
"me.12","Memorial Day",1911,1911-05-29
"me.13","Memorial Day",1912,1912-05-27
"me.14","Memorial Day",1913,1913-05-26
"me.15","Memorial Day",1914,1914-05-25
"me.16","Memorial Day",1915,1915-05-24
"me.17","Memorial Day",1916,1916-05-29
"me.18","Memorial Day",1917,1917-05-28
"me.19","Memorial Day",1918,1918-05-27
"me.20","Memorial Day",1919,1919-05-26
"me.21","Memorial Day",1920,1920-05-24
"me.22","Memorial Day",1921,1921-05-30
"me.23","Memorial Day",1922,1922-05-29
"me.24","Memorial Day",1923,1923-05-28
"me.25","Memorial Day",1924,1924-05-26
"me.26","Memorial Day",1925,1925-05-25
"me.27","Memorial Day",1926,1926-05-24
"me.28","Memorial Day",1927,1927-05-30
"me.29","Memorial Day",1928,1928-05-28
"me.30","Memorial Day",1929,1929-05-27
"me.31","Memorial Day",1930,1930-05-26
"me.32","Memorial Day",1931,1931-05-25
"me.33","Memorial Day",1932,1932-05-30
"me.34","Memorial Day",1933,1933-05-29
"me.35","Memorial Day",1934,1934-05-28
"me.36","Memorial Day",1935,1935-05-27
"me.37","Memorial Day",1936,1936-05-25
"me.38","Memorial Day",1937,1937-05-24
"me.39","Memorial Day",1938,1938-05-30
"me.40","Memorial Day",1939,1939-05-29
"me.41","Memorial Day",1940,1940-05-27
"me.42","Memorial Day",1941,1941-05-26
"me.43","Memorial Day",1942,1942-05-25
"me.44","Memorial Day",1943,1943-05-24
"me.45","Memorial Day",1944,1944-05-29
"me.46","Memorial Day",1945,1945-05-28
"me.47","Memorial Day",1946,1946-05-27
"me.48","Memorial Day",1947,1947-05-26
"me.49","Memorial Day",1948,1948-05-24
"me.50","Memorial Day",1949,1949-05-30
"me.51","Memorial Day",1950,1950-05-29
"me.52","Memorial Day",1951,1951-05-28
"me.53","Memorial Day",1952,1952-05-26
"me.54","Memorial Day",1953,1953-05-25
"me.55","Memorial Day",1954,1954-05-24
"me.56","Memorial Day",1955,1955-05-30
"me.57","Memorial Day",1956,1956-05-28
"me.58","Memorial Day",1957,1957-05-27
"me.59","Memorial Day",1958,1958-05-26
"me.60","Memorial Day",1959,1959-05-25
"me.61","Memorial Day",1960,1960-05-30
"me.62","Memorial Day",1961,1961-05-29
"me.63","Memorial Day",1962,1962-05-28
"me.64","Memorial Day",1963,1963-05-27
"me.65","Memorial Day",1964,1964-05-25
"me.66","Memorial Day",1965,1965-05-24
"me.67","Memorial Day",1966,1966-05-30
"me.68","Memorial Day",1967,1967-05-29
"me.69","Memorial Day",1968,1968-05-27
"me.70","Memorial Day",1969,1969-05-26
"me.71","Memorial Day",1970,1970-05-25
"me.72","Memorial Day",1971,1971-05-24
"me.73","Memorial Day",1972,1972-05-29
"me.74","Memorial Day",1973,1973-05-28
"me.75","Memorial Day",1974,1974-05-27
"me.76","Memorial Day",1975,1975-05-26
"me.77","Memorial Day",1976,1976-05-24
"me.78","Memorial Day",1977,1977-05-30
"me.79","Memorial Day",1978,1978-05-29
"me.80","Memorial Day",1979,1979-05-28
"me.81","Memorial Day",1980,1980-05-26
"me.82","Memorial Day",1981,1981-05-25
"me.83","Memorial Day",1982,1982-05-24
"me.84","Memorial Day",1983,1983-05-30
"me.85","Memorial Day",1984,1984-05-28
"me.86","Memorial Day",1985,1985-05-27
"me.87","Memorial Day",1986,1986-05-26
"me.88","Memorial Day",1987,1987-05-25
"me.89","Memorial Day",1988,1988-05-30
"me.90","Memorial Day",1989,1989-05-29
"me.91","Memorial Day",1990,1990-05-28
"me.92","Memorial Day",1991,1991-05-27
"me.93","Memorial Day",1992,1992-05-25
"me.94","Memorial Day",1993,1993-05-24
"me.95","Memorial Day",1994,1994-05-30
"me.96","Memorial Day",1995,1995-05-29
"me.97","Memorial Day",1996,1996-05-27
"me.98","Memorial Day",1997,1997-05-26
"me.99","Memorial Day",1998,1998-05-25
"me.100","Memorial Day",1999,1999-05-24
"me.101","Memorial Day",2000,2000-05-29
"me.102","Memorial Day",2001,2001-05-28
"me.103","Memorial Day",2002,2002-05-27
"me.104","Memorial Day",2003,2003-05-26
"me.105","Memorial Day",2004,2004-05-24
"me.106","Memorial Day",2005,2005-05-30
"me.107","Memorial Day",2006,2006-05-29
"me.108","Memorial Day",2007,2007-05-28
"me.109","Memorial Day",2008,2008-05-26
"me.110","Memorial Day",2009,2009-05-25
"me.111","Memorial Day",2010,2010-05-24
"me.112","Memorial Day",2011,2011-05-30
"me.113","Memorial Day",2012,2012-05-28
"me.114","Memorial Day",2013,2013-05-27
"me.115","Memorial Day",2014,2014-05-26
"me.116","Memorial Day",2015,2015-05-25
"me.117","Memorial Day",2016,2016-05-30
"me.118","Memorial Day",2017,2017-05-29
"me.119","Memorial Day",2018,2018-05-28
"me.120","Memorial Day",2019,2019-05-27
"me.121","Memorial Day",2020,2020-05-25
"me.122","Memorial Day",2021,2021-05-24
"me.123","Memorial Day",2022,2022-05-30
"me.124","Memorial Day",2023,2023-05-29
"me.125","Memorial Day",2024,2024-05-27
"me.126","Memorial Day",2025,2025-05-26
"me.127","Memorial Day",2026,2026-05-25
"me.128","Memorial Day",2027,2027-05-24
"me.129","Memorial Day",2028,2028-05-29
"me.130","Memorial Day",2029,2029-05-28
"me.131","Memorial Day",2030,2030-05-27
"me.132","Memorial Day",2031,2031-05-26
"me.133","Memorial Day",2032,2032-05-24
"me.134","Memorial Day",2033,2033-05-30
"me.135","Memorial Day",2034,2034-05-29
"me.136","Memorial Day",2035,2035-05-28
"me.137","Memorial Day",2036,2036-05-26
"me.138","Memorial Day",2037,2037-05-25
"me.139","Memorial Day",2038,2038-05-24
"me.140","Memorial Day",2039,2039-05-30
"me.141","Memorial Day",2040,2040-05-28
"me.142","Memorial Day",2041,2041-05-27
"me.143","Memorial Day",2042,2042-05-26
"me.144","Memorial Day",2043,2043-05-25
"me.145","Memorial Day",2044,2044-05-30
"me.146","Memorial Day",2045,2045-05-29
"me.147","Memorial Day",2046,2046-05-28
"me.148","Memorial Day",2047,2047-05-27
"me.149","Memorial Day",2048,2048-05-25
"me.150","Memorial Day",2049,2049-05-24
"me.151","Memorial Day",2050,2050-05-30
"me.152","Memorial Day",2051,2051-05-29
"me.153","Memorial Day",2052,2052-05-27
"me.154","Memorial Day",2053,2053-05-26
"me.155","Memorial Day",2054,2054-05-25
"me.156","Memorial Day",2055,2055-05-24
"me.157","Memorial Day",2056,2056-05-29
"me.158","Memorial Day",2057,2057-05-28
"me.159","Memorial Day",2058,2058-05-27
"me.160","Memorial Day",2059,2059-05-26
"me.161","Memorial Day",2060,2060-05-24
"me.162","Memorial Day",2061,2061-05-30
"me.163","Memorial Day",2062,2062-05-29
"me.164","Memorial Day",2063,2063-05-28
"me.165","Memorial Day",2064,2064-05-26
"me.166","Memorial Day",2065,2065-05-25
"me.167","Memorial Day",2066,2066-05-24
"me.168","Memorial Day",2067,2067-05-30
"me.169","Memorial Day",2068,2068-05-28
"me.170","Memorial Day",2069,2069-05-27
"me.171","Memorial Day",2070,2070-05-26
"me.172","Memorial Day",2071,2071-05-25
"me.173","Memorial Day",2072,2072-05-30
"me.174","Memorial Day",2073,2073-05-29
"me.175","Memorial Day",2074,2074-05-28
"me.176","Memorial Day",2075,2075-05-27
"me.177","Memorial Day",2076,2076-05-25
"me.178","Memorial Day",2077,2077-05-24
"me.179","Memorial Day",2078,2078-05-30
"me.180","Memorial Day",2079,2079-05-29
"me.181","Memorial Day",2080,2080-05-27
"me.182","Memorial Day",2081,2081-05-26
"me.183","Memorial Day",2082,2082-05-25
"me.184","Memorial Day",2083,2083-05-24
"me.185","Memorial Day",2084,2084-05-29
"me.186","Memorial Day",2085,2085-05-28
"me.187","Memorial Day",2086,2086-05-27
"me.188","Memorial Day",2087,2087-05-26
"me.189","Memorial Day",2088,2088-05-24
"me.190","Memorial Day",2089,2089-05-30
"me.191","Memorial Day",2090,2090-05-29
"me.192","Memorial Day",2091,2091-05-28
"me.193","Memorial Day",2092,2092-05-26
"me.194","Memorial Day",2093,2093-05-25
"me.195","Memorial Day",2094,2094-05-24
"me.196","Memorial Day",2095,2095-05-30
"me.197","Memorial Day",2096,2096-05-28
"me.198","Memorial Day",2097,2097-05-27
"me.199","Memorial Day",2098,2098-05-26
"me.200","Memorial Day",2099,2099-05-25
"me.201","Memorial Day",2100,2100-05-24
"in.1","Independence Day",1900,1900-07-04
"in.2","Independence Day",1901,1901-07-04
"in.3","Independence Day",1902,1902-07-04
"in.4","Independence Day",1903,1903-07-04
"in.5","Independence Day",1904,1904-07-04
"in.6","Independence Day",1905,1905-07-04
"in.7","Independence Day",1906,1906-07-04
"in.8","Independence Day",1907,1907-07-04
"in.9","Independence Day",1908,1908-07-04
"in.10","Independence Day",1909,1909-07-04
"in.11","Independence Day",1910,1910-07-04
"in.12","Independence Day",1911,1911-07-04
"in.13","Independence Day",1912,1912-07-04
"in.14","Independence Day",1913,1913-07-04
"in.15","Independence Day",1914,1914-07-04
"in.16","Independence Day",1915,1915-07-04
"in.17","Independence Day",1916,1916-07-04
"in.18","Independence Day",1917,1917-07-04
"in.19","Independence Day",1918,1918-07-04
"in.20","Independence Day",1919,1919-07-04
"in.21","Independence Day",1920,1920-07-04
"in.22","Independence Day",1921,1921-07-04
"in.23","Independence Day",1922,1922-07-04
"in.24","Independence Day",1923,1923-07-04
"in.25","Independence Day",1924,1924-07-04
"in.26","Independence Day",1925,1925-07-04
"in.27","Independence Day",1926,1926-07-04
"in.28","Independence Day",1927,1927-07-04
"in.29","Independence Day",1928,1928-07-04
"in.30","Independence Day",1929,1929-07-04
"in.31","Independence Day",1930,1930-07-04
"in.32","Independence Day",1931,1931-07-04
"in.33","Independence Day",1932,1932-07-04
"in.34","Independence Day",1933,1933-07-04
"in.35","Independence Day",1934,1934-07-04
"in.36","Independence Day",1935,1935-07-04
"in.37","Independence Day",1936,1936-07-04
"in.38","Independence Day",1937,1937-07-04
"in.39","Independence Day",1938,1938-07-04
"in.40","Independence Day",1939,1939-07-04
"in.41","Independence Day",1940,1940-07-04
"in.42","Independence Day",1941,1941-07-04
"in.43","Independence Day",1942,1942-07-04
"in.44","Independence Day",1943,1943-07-04
"in.45","Independence Day",1944,1944-07-04
"in.46","Independence Day",1945,1945-07-04
"in.47","Independence Day",1946,1946-07-04
"in.48","Independence Day",1947,1947-07-04
"in.49","Independence Day",1948,1948-07-04
"in.50","Independence Day",1949,1949-07-04
"in.51","Independence Day",1950,1950-07-04
"in.52","Independence Day",1951,1951-07-04
"in.53","Independence Day",1952,1952-07-04
"in.54","Independence Day",1953,1953-07-04
"in.55","Independence Day",1954,1954-07-04
"in.56","Independence Day",1955,1955-07-04
"in.57","Independence Day",1956,1956-07-04
"in.58","Independence Day",1957,1957-07-04
"in.59","Independence Day",1958,1958-07-04
"in.60","Independence Day",1959,1959-07-04
"in.61","Independence Day",1960,1960-07-04
"in.62","Independence Day",1961,1961-07-04
"in.63","Independence Day",1962,1962-07-04
"in.64","Independence Day",1963,1963-07-04
"in.65","Independence Day",1964,1964-07-04
"in.66","Independence Day",1965,1965-07-04
"in.67","Independence Day",1966,1966-07-04
"in.68","Independence Day",1967,1967-07-04
"in.69","Independence Day",1968,1968-07-04
"in.70","Independence Day",1969,1969-07-04
"in.71","Independence Day",1970,1970-07-04
"in.72","Independence Day",1971,1971-07-04
"in.73","Independence Day",1972,1972-07-04
"in.74","Independence Day",1973,1973-07-04
"in.75","Independence Day",1974,1974-07-04
"in.76","Independence Day",1975,1975-07-04
"in.77","Independence Day",1976,1976-07-04
"in.78","Independence Day",1977,1977-07-04
"in.79","Independence Day",1978,1978-07-04
"in.80","Independence Day",1979,1979-07-04
"in.81","Independence Day",1980,1980-07-04
"in.82","Independence Day",1981,1981-07-04
"in.83","Independence Day",1982,1982-07-04
"in.84","Independence Day",1983,1983-07-04
"in.85","Independence Day",1984,1984-07-04
"in.86","Independence Day",1985,1985-07-04
"in.87","Independence Day",1986,1986-07-04
"in.88","Independence Day",1987,1987-07-04
"in.89","Independence Day",1988,1988-07-04
"in.90","Independence Day",1989,1989-07-04
"in.91","Independence Day",1990,1990-07-04
"in.92","Independence Day",1991,1991-07-04
"in.93","Independence Day",1992,1992-07-04
"in.94","Independence Day",1993,1993-07-04
"in.95","Independence Day",1994,1994-07-04
"in.96","Independence Day",1995,1995-07-04
"in.97","Independence Day",1996,1996-07-04
"in.98","Independence Day",1997,1997-07-04
"in.99","Independence Day",1998,1998-07-04
"in.100","Independence Day",1999,1999-07-04
"in.101","Independence Day",2000,2000-07-04
"in.102","Independence Day",2001,2001-07-04
"in.103","Independence Day",2002,2002-07-04
"in.104","Independence Day",2003,2003-07-04
"in.105","Independence Day",2004,2004-07-04
"in.106","Independence Day",2005,2005-07-04
"in.107","Independence Day",2006,2006-07-04
"in.108","Independence Day",2007,2007-07-04
"in.109","Independence Day",2008,2008-07-04
"in.110","Independence Day",2009,2009-07-04
"in.111","Independence Day",2010,2010-07-04
"in.112","Independence Day",2011,2011-07-04
"in.113","Independence Day",2012,2012-07-04
"in.114","Independence Day",2013,2013-07-04
"in.115","Independence Day",2014,2014-07-04
"in.116","Independence Day",2015,2015-07-04
"in.117","Independence Day",2016,2016-07-04
"in.118","Independence Day",2017,2017-07-04
"in.119","Independence Day",2018,2018-07-04
"in.120","Independence Day",2019,2019-07-04
"in.121","Independence Day",2020,2020-07-04
"in.122","Independence Day",2021,2021-07-04
"in.123","Independence Day",2022,2022-07-04
"in.124","Independence Day",2023,2023-07-04
"in.125","Independence Day",2024,2024-07-04
"in.126","Independence Day",2025,2025-07-04
"in.127","Independence Day",2026,2026-07-04
"in.128","Independence Day",2027,2027-07-04
"in.129","Independence Day",2028,2028-07-04
"in.130","Independence Day",2029,2029-07-04
"in.131","Independence Day",2030,2030-07-04
"in.132","Independence Day",2031,2031-07-04
"in.133","Independence Day",2032,2032-07-04
"in.134","Independence Day",2033,2033-07-04
"in.135","Independence Day",2034,2034-07-04
"in.136","Independence Day",2035,2035-07-04
"in.137","Independence Day",2036,2036-07-04
"in.138","Independence Day",2037,2037-07-04
"in.139","Independence Day",2038,2038-07-04
"in.140","Independence Day",2039,2039-07-04
"in.141","Independence Day",2040,2040-07-04
"in.142","Independence Day",2041,2041-07-04
"in.143","Independence Day",2042,2042-07-04
"in.144","Independence Day",2043,2043-07-04
"in.145","Independence Day",2044,2044-07-04
"in.146","Independence Day",2045,2045-07-04
"in.147","Independence Day",2046,2046-07-04
"in.148","Independence Day",2047,2047-07-04
"in.149","Independence Day",2048,2048-07-04
"in.150","Independence Day",2049,2049-07-04
"in.151","Independence Day",2050,2050-07-04
"in.152","Independence Day",2051,2051-07-04
"in.153","Independence Day",2052,2052-07-04
"in.154","Independence Day",2053,2053-07-04
"in.155","Independence Day",2054,2054-07-04
"in.156","Independence Day",2055,2055-07-04
"in.157","Independence Day",2056,2056-07-04
"in.158","Independence Day",2057,2057-07-04
"in.159","Independence Day",2058,2058-07-04
"in.160","Independence Day",2059,2059-07-04
"in.161","Independence Day",2060,2060-07-04
"in.162","Independence Day",2061,2061-07-04
"in.163","Independence Day",2062,2062-07-04
"in.164","Independence Day",2063,2063-07-04
"in.165","Independence Day",2064,2064-07-04
"in.166","Independence Day",2065,2065-07-04
"in.167","Independence Day",2066,2066-07-04
"in.168","Independence Day",2067,2067-07-04
"in.169","Independence Day",2068,2068-07-04
"in.170","Independence Day",2069,2069-07-04
"in.171","Independence Day",2070,2070-07-04
"in.172","Independence Day",2071,2071-07-04
"in.173","Independence Day",2072,2072-07-04
"in.174","Independence Day",2073,2073-07-04
"in.175","Independence Day",2074,2074-07-04
"in.176","Independence Day",2075,2075-07-04
"in.177","Independence Day",2076,2076-07-04
"in.178","Independence Day",2077,2077-07-04
"in.179","Independence Day",2078,2078-07-04
"in.180","Independence Day",2079,2079-07-04
"in.181","Independence Day",2080,2080-07-04
"in.182","Independence Day",2081,2081-07-04
"in.183","Independence Day",2082,2082-07-04
"in.184","Independence Day",2083,2083-07-04
"in.185","Independence Day",2084,2084-07-04
"in.186","Independence Day",2085,2085-07-04
"in.187","Independence Day",2086,2086-07-04
"in.188","Independence Day",2087,2087-07-04
"in.189","Independence Day",2088,2088-07-04
"in.190","Independence Day",2089,2089-07-04
"in.191","Independence Day",2090,2090-07-04
"in.192","Independence Day",2091,2091-07-04
"in.193","Independence Day",2092,2092-07-04
"in.194","Independence Day",2093,2093-07-04
"in.195","Independence Day",2094,2094-07-04
"in.196","Independence Day",2095,2095-07-04
"in.197","Independence Day",2096,2096-07-04
"in.198","Independence Day",2097,2097-07-04
"in.199","Independence Day",2098,2098-07-04
"in.200","Independence Day",2099,2099-07-04
"in.201","Independence Day",2100,2100-07-04
"la.1","Labor Day",1900,1900-09-03
"la.2","Labor Day",1901,1901-09-02
"la.3","Labor Day",1902,1902-09-01
"la.4","Labor Day",1903,1903-09-07
"la.5","Labor Day",1904,1904-09-05
"la.6","Labor Day",1905,1905-09-04
"la.7","Labor Day",1906,1906-09-03
"la.8","Labor Day",1907,1907-09-02
"la.9","Labor Day",1908,1908-09-07
"la.10","Labor Day",1909,1909-09-06
"la.11","Labor Day",1910,1910-09-05
"la.12","Labor Day",1911,1911-09-04
"la.13","Labor Day",1912,1912-09-02
"la.14","Labor Day",1913,1913-09-01
"la.15","Labor Day",1914,1914-09-07
"la.16","Labor Day",1915,1915-09-06
"la.17","Labor Day",1916,1916-09-04
"la.18","Labor Day",1917,1917-09-03
"la.19","Labor Day",1918,1918-09-02
"la.20","Labor Day",1919,1919-09-01
"la.21","Labor Day",1920,1920-09-06
"la.22","Labor Day",1921,1921-09-05
"la.23","Labor Day",1922,1922-09-04
"la.24","Labor Day",1923,1923-09-03
"la.25","Labor Day",1924,1924-09-01
"la.26","Labor Day",1925,1925-09-07
"la.27","Labor Day",1926,1926-09-06
"la.28","Labor Day",1927,1927-09-05
"la.29","Labor Day",1928,1928-09-03
"la.30","Labor Day",1929,1929-09-02
"la.31","Labor Day",1930,1930-09-01
"la.32","Labor Day",1931,1931-09-07
"la.33","Labor Day",1932,1932-09-05
"la.34","Labor Day",1933,1933-09-04
"la.35","Labor Day",1934,1934-09-03
"la.36","Labor Day",1935,1935-09-02
"la.37","Labor Day",1936,1936-09-07
"la.38","Labor Day",1937,1937-09-06
"la.39","Labor Day",1938,1938-09-05
"la.40","Labor Day",1939,1939-09-04
"la.41","Labor Day",1940,1940-09-02
"la.42","Labor Day",1941,1941-09-01
"la.43","Labor Day",1942,1942-09-07
"la.44","Labor Day",1943,1943-09-06
"la.45","Labor Day",1944,1944-09-04
"la.46","Labor Day",1945,1945-09-03
"la.47","Labor Day",1946,1946-09-02
"la.48","Labor Day",1947,1947-09-01
"la.49","Labor Day",1948,1948-09-06
"la.50","Labor Day",1949,1949-09-05
"la.51","Labor Day",1950,1950-09-04
"la.52","Labor Day",1951,1951-09-03
"la.53","Labor Day",1952,1952-09-01
"la.54","Labor Day",1953,1953-09-07
"la.55","Labor Day",1954,1954-09-06
"la.56","Labor Day",1955,1955-09-05
"la.57","Labor Day",1956,1956-09-03
"la.58","Labor Day",1957,1957-09-02
"la.59","Labor Day",1958,1958-09-01
"la.60","Labor Day",1959,1959-09-07
"la.61","Labor Day",1960,1960-09-05
"la.62","Labor Day",1961,1961-09-04
"la.63","Labor Day",1962,1962-09-03
"la.64","Labor Day",1963,1963-09-02
"la.65","Labor Day",1964,1964-09-07
"la.66","Labor Day",1965,1965-09-06
"la.67","Labor Day",1966,1966-09-05
"la.68","Labor Day",1967,1967-09-04
"la.69","Labor Day",1968,1968-09-02
"la.70","Labor Day",1969,1969-09-01
"la.71","Labor Day",1970,1970-09-07
"la.72","Labor Day",1971,1971-09-06
"la.73","Labor Day",1972,1972-09-04
"la.74","Labor Day",1973,1973-09-03
"la.75","Labor Day",1974,1974-09-02
"la.76","Labor Day",1975,1975-09-01
"la.77","Labor Day",1976,1976-09-06
"la.78","Labor Day",1977,1977-09-05
"la.79","Labor Day",1978,1978-09-04
"la.80","Labor Day",1979,1979-09-03
"la.81","Labor Day",1980,1980-09-01
"la.82","Labor Day",1981,1981-09-07
"la.83","Labor Day",1982,1982-09-06
"la.84","Labor Day",1983,1983-09-05
"la.85","Labor Day",1984,1984-09-03
"la.86","Labor Day",1985,1985-09-02
"la.87","Labor Day",1986,1986-09-01
"la.88","Labor Day",1987,1987-09-07
"la.89","Labor Day",1988,1988-09-05
"la.90","Labor Day",1989,1989-09-04
"la.91","Labor Day",1990,1990-09-03
"la.92","Labor Day",1991,1991-09-02
"la.93","Labor Day",1992,1992-09-07
"la.94","Labor Day",1993,1993-09-06
"la.95","Labor Day",1994,1994-09-05
"la.96","Labor Day",1995,1995-09-04
"la.97","Labor Day",1996,1996-09-02
"la.98","Labor Day",1997,1997-09-01
"la.99","Labor Day",1998,1998-09-07
"la.100","Labor Day",1999,1999-09-06
"la.101","Labor Day",2000,2000-09-04
"la.102","Labor Day",2001,2001-09-03
"la.103","Labor Day",2002,2002-09-02
"la.104","Labor Day",2003,2003-09-01
"la.105","Labor Day",2004,2004-09-06
"la.106","Labor Day",2005,2005-09-05
"la.107","Labor Day",2006,2006-09-04
"la.108","Labor Day",2007,2007-09-03
"la.109","Labor Day",2008,2008-09-01
"la.110","Labor Day",2009,2009-09-07
"la.111","Labor Day",2010,2010-09-06
"la.112","Labor Day",2011,2011-09-05
"la.113","Labor Day",2012,2012-09-03
"la.114","Labor Day",2013,2013-09-02
"la.115","Labor Day",2014,2014-09-01
"la.116","Labor Day",2015,2015-09-07
"la.117","Labor Day",2016,2016-09-05
"la.118","Labor Day",2017,2017-09-04
"la.119","Labor Day",2018,2018-09-03
"la.120","Labor Day",2019,2019-09-02
"la.121","Labor Day",2020,2020-09-07
"la.122","Labor Day",2021,2021-09-06
"la.123","Labor Day",2022,2022-09-05
"la.124","Labor Day",2023,2023-09-04
"la.125","Labor Day",2024,2024-09-02
"la.126","Labor Day",2025,2025-09-01
"la.127","Labor Day",2026,2026-09-07
"la.128","Labor Day",2027,2027-09-06
"la.129","Labor Day",2028,2028-09-04
"la.130","Labor Day",2029,2029-09-03
"la.131","Labor Day",2030,2030-09-02
"la.132","Labor Day",2031,2031-09-01
"la.133","Labor Day",2032,2032-09-06
"la.134","Labor Day",2033,2033-09-05
"la.135","Labor Day",2034,2034-09-04
"la.136","Labor Day",2035,2035-09-03
"la.137","Labor Day",2036,2036-09-01
"la.138","Labor Day",2037,2037-09-07
"la.139","Labor Day",2038,2038-09-06
"la.140","Labor Day",2039,2039-09-05
"la.141","Labor Day",2040,2040-09-03
"la.142","Labor Day",2041,2041-09-02
"la.143","Labor Day",2042,2042-09-01
"la.144","Labor Day",2043,2043-09-07
"la.145","Labor Day",2044,2044-09-05
"la.146","Labor Day",2045,2045-09-04
"la.147","Labor Day",2046,2046-09-03
"la.148","Labor Day",2047,2047-09-02
"la.149","Labor Day",2048,2048-09-07
"la.150","Labor Day",2049,2049-09-06
"la.151","Labor Day",2050,2050-09-05
"la.152","Labor Day",2051,2051-09-04
"la.153","Labor Day",2052,2052-09-02
"la.154","Labor Day",2053,2053-09-01
"la.155","Labor Day",2054,2054-09-07
"la.156","Labor Day",2055,2055-09-06
"la.157","Labor Day",2056,2056-09-04
"la.158","Labor Day",2057,2057-09-03
"la.159","Labor Day",2058,2058-09-02
"la.160","Labor Day",2059,2059-09-01
"la.161","Labor Day",2060,2060-09-06
"la.162","Labor Day",2061,2061-09-05
"la.163","Labor Day",2062,2062-09-04
"la.164","Labor Day",2063,2063-09-03
"la.165","Labor Day",2064,2064-09-01
"la.166","Labor Day",2065,2065-09-07
"la.167","Labor Day",2066,2066-09-06
"la.168","Labor Day",2067,2067-09-05
"la.169","Labor Day",2068,2068-09-03
"la.170","Labor Day",2069,2069-09-02
"la.171","Labor Day",2070,2070-09-01
"la.172","Labor Day",2071,2071-09-07
"la.173","Labor Day",2072,2072-09-05
"la.174","Labor Day",2073,2073-09-04
"la.175","Labor Day",2074,2074-09-03
"la.176","Labor Day",2075,2075-09-02
"la.177","Labor Day",2076,2076-09-07
"la.178","Labor Day",2077,2077-09-06
"la.179","Labor Day",2078,2078-09-05
"la.180","Labor Day",2079,2079-09-04
"la.181","Labor Day",2080,2080-09-02
"la.182","Labor Day",2081,2081-09-01
"la.183","Labor Day",2082,2082-09-07
"la.184","Labor Day",2083,2083-09-06
"la.185","Labor Day",2084,2084-09-04
"la.186","Labor Day",2085,2085-09-03
"la.187","Labor Day",2086,2086-09-02
"la.188","Labor Day",2087,2087-09-01
"la.189","Labor Day",2088,2088-09-06
"la.190","Labor Day",2089,2089-09-05
"la.191","Labor Day",2090,2090-09-04
"la.192","Labor Day",2091,2091-09-03
"la.193","Labor Day",2092,2092-09-01
"la.194","Labor Day",2093,2093-09-07
"la.195","Labor Day",2094,2094-09-06
"la.196","Labor Day",2095,2095-09-05
"la.197","Labor Day",2096,2096-09-03
"la.198","Labor Day",2097,2097-09-02
"la.199","Labor Day",2098,2098-09-01
"la.200","Labor Day",2099,2099-09-07
"la.201","Labor Day",2100,2100-09-06
"co.1","Columbus Day",1900,1900-10-08
"co.2","Columbus Day",1901,1901-10-14
"co.3","Columbus Day",1902,1902-10-13
"co.4","Columbus Day",1903,1903-10-12
"co.5","Columbus Day",1904,1904-10-10
"co.6","Columbus Day",1905,1905-10-09
"co.7","Columbus Day",1906,1906-10-08
"co.8","Columbus Day",1907,1907-10-14
"co.9","Columbus Day",1908,1908-10-12
"co.10","Columbus Day",1909,1909-10-11
"co.11","Columbus Day",1910,1910-10-10
"co.12","Columbus Day",1911,1911-10-09
"co.13","Columbus Day",1912,1912-10-14
"co.14","Columbus Day",1913,1913-10-13
"co.15","Columbus Day",1914,1914-10-12
"co.16","Columbus Day",1915,1915-10-11
"co.17","Columbus Day",1916,1916-10-09
"co.18","Columbus Day",1917,1917-10-08
"co.19","Columbus Day",1918,1918-10-14
"co.20","Columbus Day",1919,1919-10-13
"co.21","Columbus Day",1920,1920-10-11
"co.22","Columbus Day",1921,1921-10-10
"co.23","Columbus Day",1922,1922-10-09
"co.24","Columbus Day",1923,1923-10-08
"co.25","Columbus Day",1924,1924-10-13
"co.26","Columbus Day",1925,1925-10-12
"co.27","Columbus Day",1926,1926-10-11
"co.28","Columbus Day",1927,1927-10-10
"co.29","Columbus Day",1928,1928-10-08
"co.30","Columbus Day",1929,1929-10-14
"co.31","Columbus Day",1930,1930-10-13
"co.32","Columbus Day",1931,1931-10-12
"co.33","Columbus Day",1932,1932-10-10
"co.34","Columbus Day",1933,1933-10-09
"co.35","Columbus Day",1934,1934-10-08
"co.36","Columbus Day",1935,1935-10-14
"co.37","Columbus Day",1936,1936-10-12
"co.38","Columbus Day",1937,1937-10-11
"co.39","Columbus Day",1938,1938-10-10
"co.40","Columbus Day",1939,1939-10-09
"co.41","Columbus Day",1940,1940-10-14
"co.42","Columbus Day",1941,1941-10-13
"co.43","Columbus Day",1942,1942-10-12
"co.44","Columbus Day",1943,1943-10-11
"co.45","Columbus Day",1944,1944-10-09
"co.46","Columbus Day",1945,1945-10-08
"co.47","Columbus Day",1946,1946-10-14
"co.48","Columbus Day",1947,1947-10-13
"co.49","Columbus Day",1948,1948-10-11
"co.50","Columbus Day",1949,1949-10-10
"co.51","Columbus Day",1950,1950-10-09
"co.52","Columbus Day",1951,1951-10-08
"co.53","Columbus Day",1952,1952-10-13
"co.54","Columbus Day",1953,1953-10-12
"co.55","Columbus Day",1954,1954-10-11
"co.56","Columbus Day",1955,1955-10-10
"co.57","Columbus Day",1956,1956-10-08
"co.58","Columbus Day",1957,1957-10-14
"co.59","Columbus Day",1958,1958-10-13
"co.60","Columbus Day",1959,1959-10-12
"co.61","Columbus Day",1960,1960-10-10
"co.62","Columbus Day",1961,1961-10-09
"co.63","Columbus Day",1962,1962-10-08
"co.64","Columbus Day",1963,1963-10-14
"co.65","Columbus Day",1964,1964-10-12
"co.66","Columbus Day",1965,1965-10-11
"co.67","Columbus Day",1966,1966-10-10
"co.68","Columbus Day",1967,1967-10-09
"co.69","Columbus Day",1968,1968-10-14
"co.70","Columbus Day",1969,1969-10-13
"co.71","Columbus Day",1970,1970-10-12
"co.72","Columbus Day",1971,1971-10-11
"co.73","Columbus Day",1972,1972-10-09
"co.74","Columbus Day",1973,1973-10-08
"co.75","Columbus Day",1974,1974-10-14
"co.76","Columbus Day",1975,1975-10-13
"co.77","Columbus Day",1976,1976-10-11
"co.78","Columbus Day",1977,1977-10-10
"co.79","Columbus Day",1978,1978-10-09
"co.80","Columbus Day",1979,1979-10-08
"co.81","Columbus Day",1980,1980-10-13
"co.82","Columbus Day",1981,1981-10-12
"co.83","Columbus Day",1982,1982-10-11
"co.84","Columbus Day",1983,1983-10-10
"co.85","Columbus Day",1984,1984-10-08
"co.86","Columbus Day",1985,1985-10-14
"co.87","Columbus Day",1986,1986-10-13
"co.88","Columbus Day",1987,1987-10-12
"co.89","Columbus Day",1988,1988-10-10
"co.90","Columbus Day",1989,1989-10-09
"co.91","Columbus Day",1990,1990-10-08
"co.92","Columbus Day",1991,1991-10-14
"co.93","Columbus Day",1992,1992-10-12
"co.94","Columbus Day",1993,1993-10-11
"co.95","Columbus Day",1994,1994-10-10
"co.96","Columbus Day",1995,1995-10-09
"co.97","Columbus Day",1996,1996-10-14
"co.98","Columbus Day",1997,1997-10-13
"co.99","Columbus Day",1998,1998-10-12
"co.100","Columbus Day",1999,1999-10-11
"co.101","Columbus Day",2000,2000-10-09
"co.102","Columbus Day",2001,2001-10-08
"co.103","Columbus Day",2002,2002-10-14
"co.104","Columbus Day",2003,2003-10-13
"co.105","Columbus Day",2004,2004-10-11
"co.106","Columbus Day",2005,2005-10-10
"co.107","Columbus Day",2006,2006-10-09
"co.108","Columbus Day",2007,2007-10-08
"co.109","Columbus Day",2008,2008-10-13
"co.110","Columbus Day",2009,2009-10-12
"co.111","Columbus Day",2010,2010-10-11
"co.112","Columbus Day",2011,2011-10-10
"co.113","Columbus Day",2012,2012-10-08
"co.114","Columbus Day",2013,2013-10-14
"co.115","Columbus Day",2014,2014-10-13
"co.116","Columbus Day",2015,2015-10-12
"co.117","Columbus Day",2016,2016-10-10
"co.118","Columbus Day",2017,2017-10-09
"co.119","Columbus Day",2018,2018-10-08
"co.120","Columbus Day",2019,2019-10-14
"co.121","Columbus Day",2020,2020-10-12
"co.122","Columbus Day",2021,2021-10-11
"co.123","Columbus Day",2022,2022-10-10
"co.124","Columbus Day",2023,2023-10-09
"co.125","Columbus Day",2024,2024-10-14
"co.126","Columbus Day",2025,2025-10-13
"co.127","Columbus Day",2026,2026-10-12
"co.128","Columbus Day",2027,2027-10-11
"co.129","Columbus Day",2028,2028-10-09
"co.130","Columbus Day",2029,2029-10-08
"co.131","Columbus Day",2030,2030-10-14
"co.132","Columbus Day",2031,2031-10-13
"co.133","Columbus Day",2032,2032-10-11
"co.134","Columbus Day",2033,2033-10-10
"co.135","Columbus Day",2034,2034-10-09
"co.136","Columbus Day",2035,2035-10-08
"co.137","Columbus Day",2036,2036-10-13
"co.138","Columbus Day",2037,2037-10-12
"co.139","Columbus Day",2038,2038-10-11
"co.140","Columbus Day",2039,2039-10-10
"co.141","Columbus Day",2040,2040-10-08
"co.142","Columbus Day",2041,2041-10-14
"co.143","Columbus Day",2042,2042-10-13
"co.144","Columbus Day",2043,2043-10-12
"co.145","Columbus Day",2044,2044-10-10
"co.146","Columbus Day",2045,2045-10-09
"co.147","Columbus Day",2046,2046-10-08
"co.148","Columbus Day",2047,2047-10-14
"co.149","Columbus Day",2048,2048-10-12
"co.150","Columbus Day",2049,2049-10-11
"co.151","Columbus Day",2050,2050-10-10
"co.152","Columbus Day",2051,2051-10-09
"co.153","Columbus Day",2052,2052-10-14
"co.154","Columbus Day",2053,2053-10-13
"co.155","Columbus Day",2054,2054-10-12
"co.156","Columbus Day",2055,2055-10-11
"co.157","Columbus Day",2056,2056-10-09
"co.158","Columbus Day",2057,2057-10-08
"co.159","Columbus Day",2058,2058-10-14
"co.160","Columbus Day",2059,2059-10-13
"co.161","Columbus Day",2060,2060-10-11
"co.162","Columbus Day",2061,2061-10-10
"co.163","Columbus Day",2062,2062-10-09
"co.164","Columbus Day",2063,2063-10-08
"co.165","Columbus Day",2064,2064-10-13
"co.166","Columbus Day",2065,2065-10-12
"co.167","Columbus Day",2066,2066-10-11
"co.168","Columbus Day",2067,2067-10-10
"co.169","Columbus Day",2068,2068-10-08
"co.170","Columbus Day",2069,2069-10-14
"co.171","Columbus Day",2070,2070-10-13
"co.172","Columbus Day",2071,2071-10-12
"co.173","Columbus Day",2072,2072-10-10
"co.174","Columbus Day",2073,2073-10-09
"co.175","Columbus Day",2074,2074-10-08
"co.176","Columbus Day",2075,2075-10-14
"co.177","Columbus Day",2076,2076-10-12
"co.178","Columbus Day",2077,2077-10-11
"co.179","Columbus Day",2078,2078-10-10
"co.180","Columbus Day",2079,2079-10-09
"co.181","Columbus Day",2080,2080-10-14
"co.182","Columbus Day",2081,2081-10-13
"co.183","Columbus Day",2082,2082-10-12
"co.184","Columbus Day",2083,2083-10-11
"co.185","Columbus Day",2084,2084-10-09
"co.186","Columbus Day",2085,2085-10-08
"co.187","Columbus Day",2086,2086-10-14
"co.188","Columbus Day",2087,2087-10-13
"co.189","Columbus Day",2088,2088-10-11
"co.190","Columbus Day",2089,2089-10-10
"co.191","Columbus Day",2090,2090-10-09
"co.192","Columbus Day",2091,2091-10-08
"co.193","Columbus Day",2092,2092-10-13
"co.194","Columbus Day",2093,2093-10-12
"co.195","Columbus Day",2094,2094-10-11
"co.196","Columbus Day",2095,2095-10-10
"co.197","Columbus Day",2096,2096-10-08
"co.198","Columbus Day",2097,2097-10-14
"co.199","Columbus Day",2098,2098-10-13
"co.200","Columbus Day",2099,2099-10-12
"co.201","Columbus Day",2100,2100-10-11
"ve.1","Veterans Day",1900,1900-11-11
"ve.2","Veterans Day",1901,1901-11-11
"ve.3","Veterans Day",1902,1902-11-11
"ve.4","Veterans Day",1903,1903-11-11
"ve.5","Veterans Day",1904,1904-11-11
"ve.6","Veterans Day",1905,1905-11-11
"ve.7","Veterans Day",1906,1906-11-11
"ve.8","Veterans Day",1907,1907-11-11
"ve.9","Veterans Day",1908,1908-11-11
"ve.10","Veterans Day",1909,1909-11-11
"ve.11","Veterans Day",1910,1910-11-11
"ve.12","Veterans Day",1911,1911-11-11
"ve.13","Veterans Day",1912,1912-11-11
"ve.14","Veterans Day",1913,1913-11-11
"ve.15","Veterans Day",1914,1914-11-11
"ve.16","Veterans Day",1915,1915-11-11
"ve.17","Veterans Day",1916,1916-11-11
"ve.18","Veterans Day",1917,1917-11-11
"ve.19","Veterans Day",1918,1918-11-11
"ve.20","Veterans Day",1919,1919-11-11
"ve.21","Veterans Day",1920,1920-11-11
"ve.22","Veterans Day",1921,1921-11-11
"ve.23","Veterans Day",1922,1922-11-11
"ve.24","Veterans Day",1923,1923-11-11
"ve.25","Veterans Day",1924,1924-11-11
"ve.26","Veterans Day",1925,1925-11-11
"ve.27","Veterans Day",1926,1926-11-11
"ve.28","Veterans Day",1927,1927-11-11
"ve.29","Veterans Day",1928,1928-11-11
"ve.30","Veterans Day",1929,1929-11-11
"ve.31","Veterans Day",1930,1930-11-11
"ve.32","Veterans Day",1931,1931-11-11
"ve.33","Veterans Day",1932,1932-11-11
"ve.34","Veterans Day",1933,1933-11-11
"ve.35","Veterans Day",1934,1934-11-11
"ve.36","Veterans Day",1935,1935-11-11
"ve.37","Veterans Day",1936,1936-11-11
"ve.38","Veterans Day",1937,1937-11-11
"ve.39","Veterans Day",1938,1938-11-11
"ve.40","Veterans Day",1939,1939-11-11
"ve.41","Veterans Day",1940,1940-11-11
"ve.42","Veterans Day",1941,1941-11-11
"ve.43","Veterans Day",1942,1942-11-11
"ve.44","Veterans Day",1943,1943-11-11
"ve.45","Veterans Day",1944,1944-11-11
"ve.46","Veterans Day",1945,1945-11-11
"ve.47","Veterans Day",1946,1946-11-11
"ve.48","Veterans Day",1947,1947-11-11
"ve.49","Veterans Day",1948,1948-11-11
"ve.50","Veterans Day",1949,1949-11-11
"ve.51","Veterans Day",1950,1950-11-11
"ve.52","Veterans Day",1951,1951-11-11
"ve.53","Veterans Day",1952,1952-11-11
"ve.54","Veterans Day",1953,1953-11-11
"ve.55","Veterans Day",1954,1954-11-11
"ve.56","Veterans Day",1955,1955-11-11
"ve.57","Veterans Day",1956,1956-11-11
"ve.58","Veterans Day",1957,1957-11-11
"ve.59","Veterans Day",1958,1958-11-11
"ve.60","Veterans Day",1959,1959-11-11
"ve.61","Veterans Day",1960,1960-11-11
"ve.62","Veterans Day",1961,1961-11-11
"ve.63","Veterans Day",1962,1962-11-11
"ve.64","Veterans Day",1963,1963-11-11
"ve.65","Veterans Day",1964,1964-11-11
"ve.66","Veterans Day",1965,1965-11-11
"ve.67","Veterans Day",1966,1966-11-11
"ve.68","Veterans Day",1967,1967-11-11
"ve.69","Veterans Day",1968,1968-11-11
"ve.70","Veterans Day",1969,1969-11-11
"ve.71","Veterans Day",1970,1970-11-11
"ve.72","Veterans Day",1971,1971-11-11
"ve.73","Veterans Day",1972,1972-11-11
"ve.74","Veterans Day",1973,1973-11-11
"ve.75","Veterans Day",1974,1974-11-11
"ve.76","Veterans Day",1975,1975-11-11
"ve.77","Veterans Day",1976,1976-11-11
"ve.78","Veterans Day",1977,1977-11-11
"ve.79","Veterans Day",1978,1978-11-11
"ve.80","Veterans Day",1979,1979-11-11
"ve.81","Veterans Day",1980,1980-11-11
"ve.82","Veterans Day",1981,1981-11-11
"ve.83","Veterans Day",1982,1982-11-11
"ve.84","Veterans Day",1983,1983-11-11
"ve.85","Veterans Day",1984,1984-11-11
"ve.86","Veterans Day",1985,1985-11-11
"ve.87","Veterans Day",1986,1986-11-11
"ve.88","Veterans Day",1987,1987-11-11
"ve.89","Veterans Day",1988,1988-11-11
"ve.90","Veterans Day",1989,1989-11-11
"ve.91","Veterans Day",1990,1990-11-11
"ve.92","Veterans Day",1991,1991-11-11
"ve.93","Veterans Day",1992,1992-11-11
"ve.94","Veterans Day",1993,1993-11-11
"ve.95","Veterans Day",1994,1994-11-11
"ve.96","Veterans Day",1995,1995-11-11
"ve.97","Veterans Day",1996,1996-11-11
"ve.98","Veterans Day",1997,1997-11-11
"ve.99","Veterans Day",1998,1998-11-11
"ve.100","Veterans Day",1999,1999-11-11
"ve.101","Veterans Day",2000,2000-11-11
"ve.102","Veterans Day",2001,2001-11-11
"ve.103","Veterans Day",2002,2002-11-11
"ve.104","Veterans Day",2003,2003-11-11
"ve.105","Veterans Day",2004,2004-11-11
"ve.106","Veterans Day",2005,2005-11-11
"ve.107","Veterans Day",2006,2006-11-11
"ve.108","Veterans Day",2007,2007-11-11
"ve.109","Veterans Day",2008,2008-11-11
"ve.110","Veterans Day",2009,2009-11-11
"ve.111","Veterans Day",2010,2010-11-11
"ve.112","Veterans Day",2011,2011-11-11
"ve.113","Veterans Day",2012,2012-11-11
"ve.114","Veterans Day",2013,2013-11-11
"ve.115","Veterans Day",2014,2014-11-11
"ve.116","Veterans Day",2015,2015-11-11
"ve.117","Veterans Day",2016,2016-11-11
"ve.118","Veterans Day",2017,2017-11-11
"ve.119","Veterans Day",2018,2018-11-11
"ve.120","Veterans Day",2019,2019-11-11
"ve.121","Veterans Day",2020,2020-11-11
"ve.122","Veterans Day",2021,2021-11-11
"ve.123","Veterans Day",2022,2022-11-11
"ve.124","Veterans Day",2023,2023-11-11
"ve.125","Veterans Day",2024,2024-11-11
"ve.126","Veterans Day",2025,2025-11-11
"ve.127","Veterans Day",2026,2026-11-11
"ve.128","Veterans Day",2027,2027-11-11
"ve.129","Veterans Day",2028,2028-11-11
"ve.130","Veterans Day",2029,2029-11-11
"ve.131","Veterans Day",2030,2030-11-11
"ve.132","Veterans Day",2031,2031-11-11
"ve.133","Veterans Day",2032,2032-11-11
"ve.134","Veterans Day",2033,2033-11-11
"ve.135","Veterans Day",2034,2034-11-11
"ve.136","Veterans Day",2035,2035-11-11
"ve.137","Veterans Day",2036,2036-11-11
"ve.138","Veterans Day",2037,2037-11-11
"ve.139","Veterans Day",2038,2038-11-11
"ve.140","Veterans Day",2039,2039-11-11
"ve.141","Veterans Day",2040,2040-11-11
"ve.142","Veterans Day",2041,2041-11-11
"ve.143","Veterans Day",2042,2042-11-11
"ve.144","Veterans Day",2043,2043-11-11
"ve.145","Veterans Day",2044,2044-11-11
"ve.146","Veterans Day",2045,2045-11-11
"ve.147","Veterans Day",2046,2046-11-11
"ve.148","Veterans Day",2047,2047-11-11
"ve.149","Veterans Day",2048,2048-11-11
"ve.150","Veterans Day",2049,2049-11-11
"ve.151","Veterans Day",2050,2050-11-11
"ve.152","Veterans Day",2051,2051-11-11
"ve.153","Veterans Day",2052,2052-11-11
"ve.154","Veterans Day",2053,2053-11-11
"ve.155","Veterans Day",2054,2054-11-11
"ve.156","Veterans Day",2055,2055-11-11
"ve.157","Veterans Day",2056,2056-11-11
"ve.158","Veterans Day",2057,2057-11-11
"ve.159","Veterans Day",2058,2058-11-11
"ve.160","Veterans Day",2059,2059-11-11
"ve.161","Veterans Day",2060,2060-11-11
"ve.162","Veterans Day",2061,2061-11-11
"ve.163","Veterans Day",2062,2062-11-11
"ve.164","Veterans Day",2063,2063-11-11
"ve.165","Veterans Day",2064,2064-11-11
"ve.166","Veterans Day",2065,2065-11-11
"ve.167","Veterans Day",2066,2066-11-11
"ve.168","Veterans Day",2067,2067-11-11
"ve.169","Veterans Day",2068,2068-11-11
"ve.170","Veterans Day",2069,2069-11-11
"ve.171","Veterans Day",2070,2070-11-11
"ve.172","Veterans Day",2071,2071-11-11
"ve.173","Veterans Day",2072,2072-11-11
"ve.174","Veterans Day",2073,2073-11-11
"ve.175","Veterans Day",2074,2074-11-11
"ve.176","Veterans Day",2075,2075-11-11
"ve.177","Veterans Day",2076,2076-11-11
"ve.178","Veterans Day",2077,2077-11-11
"ve.179","Veterans Day",2078,2078-11-11
"ve.180","Veterans Day",2079,2079-11-11
"ve.181","Veterans Day",2080,2080-11-11
"ve.182","Veterans Day",2081,2081-11-11
"ve.183","Veterans Day",2082,2082-11-11
"ve.184","Veterans Day",2083,2083-11-11
"ve.185","Veterans Day",2084,2084-11-11
"ve.186","Veterans Day",2085,2085-11-11
"ve.187","Veterans Day",2086,2086-11-11
"ve.188","Veterans Day",2087,2087-11-11
"ve.189","Veterans Day",2088,2088-11-11
"ve.190","Veterans Day",2089,2089-11-11
"ve.191","Veterans Day",2090,2090-11-11
"ve.192","Veterans Day",2091,2091-11-11
"ve.193","Veterans Day",2092,2092-11-11
"ve.194","Veterans Day",2093,2093-11-11
"ve.195","Veterans Day",2094,2094-11-11
"ve.196","Veterans Day",2095,2095-11-11
"ve.197","Veterans Day",2096,2096-11-11
"ve.198","Veterans Day",2097,2097-11-11
"ve.199","Veterans Day",2098,2098-11-11
"ve.200","Veterans Day",2099,2099-11-11
"ve.201","Veterans Day",2100,2100-11-11
"th.1","Thanksigivng Day",1900,1900-11-22
"th.2","Thanksigivng Day",1901,1901-11-28
"th.3","Thanksigivng Day",1902,1902-11-27
"th.4","Thanksigivng Day",1903,1903-11-26
"th.5","Thanksigivng Day",1904,1904-11-24
"th.6","Thanksigivng Day",1905,1905-11-23
"th.7","Thanksigivng Day",1906,1906-11-22
"th.8","Thanksigivng Day",1907,1907-11-28
"th.9","Thanksigivng Day",1908,1908-11-26
"th.10","Thanksigivng Day",1909,1909-11-25
"th.11","Thanksigivng Day",1910,1910-11-24
"th.12","Thanksigivng Day",1911,1911-11-23
"th.13","Thanksigivng Day",1912,1912-11-28
"th.14","Thanksigivng Day",1913,1913-11-27
"th.15","Thanksigivng Day",1914,1914-11-26
"th.16","Thanksigivng Day",1915,1915-11-25
"th.17","Thanksigivng Day",1916,1916-11-23
"th.18","Thanksigivng Day",1917,1917-11-22
"th.19","Thanksigivng Day",1918,1918-11-28
"th.20","Thanksigivng Day",1919,1919-11-27
"th.21","Thanksigivng Day",1920,1920-11-25
"th.22","Thanksigivng Day",1921,1921-11-24
"th.23","Thanksigivng Day",1922,1922-11-23
"th.24","Thanksigivng Day",1923,1923-11-22
"th.25","Thanksigivng Day",1924,1924-11-27
"th.26","Thanksigivng Day",1925,1925-11-26
"th.27","Thanksigivng Day",1926,1926-11-25
"th.28","Thanksigivng Day",1927,1927-11-24
"th.29","Thanksigivng Day",1928,1928-11-22
"th.30","Thanksigivng Day",1929,1929-11-28
"th.31","Thanksigivng Day",1930,1930-11-27
"th.32","Thanksigivng Day",1931,1931-11-26
"th.33","Thanksigivng Day",1932,1932-11-24
"th.34","Thanksigivng Day",1933,1933-11-23
"th.35","Thanksigivng Day",1934,1934-11-22
"th.36","Thanksigivng Day",1935,1935-11-28
"th.37","Thanksigivng Day",1936,1936-11-26
"th.38","Thanksigivng Day",1937,1937-11-25
"th.39","Thanksigivng Day",1938,1938-11-24
"th.40","Thanksigivng Day",1939,1939-11-23
"th.41","Thanksigivng Day",1940,1940-11-28
"th.42","Thanksigivng Day",1941,1941-11-27
"th.43","Thanksigivng Day",1942,1942-11-26
"th.44","Thanksigivng Day",1943,1943-11-25
"th.45","Thanksigivng Day",1944,1944-11-23
"th.46","Thanksigivng Day",1945,1945-11-22
"th.47","Thanksigivng Day",1946,1946-11-28
"th.48","Thanksigivng Day",1947,1947-11-27
"th.49","Thanksigivng Day",1948,1948-11-25
"th.50","Thanksigivng Day",1949,1949-11-24
"th.51","Thanksigivng Day",1950,1950-11-23
"th.52","Thanksigivng Day",1951,1951-11-22
"th.53","Thanksigivng Day",1952,1952-11-27
"th.54","Thanksigivng Day",1953,1953-11-26
"th.55","Thanksigivng Day",1954,1954-11-25
"th.56","Thanksigivng Day",1955,1955-11-24
"th.57","Thanksigivng Day",1956,1956-11-22
"th.58","Thanksigivng Day",1957,1957-11-28
"th.59","Thanksigivng Day",1958,1958-11-27
"th.60","Thanksigivng Day",1959,1959-11-26
"th.61","Thanksigivng Day",1960,1960-11-24
"th.62","Thanksigivng Day",1961,1961-11-23
"th.63","Thanksigivng Day",1962,1962-11-22
"th.64","Thanksigivng Day",1963,1963-11-28
"th.65","Thanksigivng Day",1964,1964-11-26
"th.66","Thanksigivng Day",1965,1965-11-25
"th.67","Thanksigivng Day",1966,1966-11-24
"th.68","Thanksigivng Day",1967,1967-11-23
"th.69","Thanksigivng Day",1968,1968-11-28
"th.70","Thanksigivng Day",1969,1969-11-27
"th.71","Thanksigivng Day",1970,1970-11-26
"th.72","Thanksigivng Day",1971,1971-11-25
"th.73","Thanksigivng Day",1972,1972-11-23
"th.74","Thanksigivng Day",1973,1973-11-22
"th.75","Thanksigivng Day",1974,1974-11-28
"th.76","Thanksigivng Day",1975,1975-11-27
"th.77","Thanksigivng Day",1976,1976-11-25
"th.78","Thanksigivng Day",1977,1977-11-24
"th.79","Thanksigivng Day",1978,1978-11-23
"th.80","Thanksigivng Day",1979,1979-11-22
"th.81","Thanksigivng Day",1980,1980-11-27
"th.82","Thanksigivng Day",1981,1981-11-26
"th.83","Thanksigivng Day",1982,1982-11-25
"th.84","Thanksigivng Day",1983,1983-11-24
"th.85","Thanksigivng Day",1984,1984-11-22
"th.86","Thanksigivng Day",1985,1985-11-28
"th.87","Thanksigivng Day",1986,1986-11-27
"th.88","Thanksigivng Day",1987,1987-11-26
"th.89","Thanksigivng Day",1988,1988-11-24
"th.90","Thanksigivng Day",1989,1989-11-23
"th.91","Thanksigivng Day",1990,1990-11-22
"th.92","Thanksigivng Day",1991,1991-11-28
"th.93","Thanksigivng Day",1992,1992-11-26
"th.94","Thanksigivng Day",1993,1993-11-25
"th.95","Thanksigivng Day",1994,1994-11-24
"th.96","Thanksigivng Day",1995,1995-11-23
"th.97","Thanksigivng Day",1996,1996-11-28
"th.98","Thanksigivng Day",1997,1997-11-27
"th.99","Thanksigivng Day",1998,1998-11-26
"th.100","Thanksigivng Day",1999,1999-11-25
"th.101","Thanksigivng Day",2000,2000-11-23
"th.102","Thanksigivng Day",2001,2001-11-22
"th.103","Thanksigivng Day",2002,2002-11-28
"th.104","Thanksigivng Day",2003,2003-11-27
"th.105","Thanksigivng Day",2004,2004-11-25
"th.106","Thanksigivng Day",2005,2005-11-24
"th.107","Thanksigivng Day",2006,2006-11-23
"th.108","Thanksigivng Day",2007,2007-11-22
"th.109","Thanksigivng Day",2008,2008-11-27
"th.110","Thanksigivng Day",2009,2009-11-26
"th.111","Thanksigivng Day",2010,2010-11-25
"th.112","Thanksigivng Day",2011,2011-11-24
"th.113","Thanksigivng Day",2012,2012-11-22
"th.114","Thanksigivng Day",2013,2013-11-28
"th.115","Thanksigivng Day",2014,2014-11-27
"th.116","Thanksigivng Day",2015,2015-11-26
"th.117","Thanksigivng Day",2016,2016-11-24
"th.118","Thanksigivng Day",2017,2017-11-23
"th.119","Thanksigivng Day",2018,2018-11-22
"th.120","Thanksigivng Day",2019,2019-11-28
"th.121","Thanksigivng Day",2020,2020-11-26
"th.122","Thanksigivng Day",2021,2021-11-25
"th.123","Thanksigivng Day",2022,2022-11-24
"th.124","Thanksigivng Day",2023,2023-11-23
"th.125","Thanksigivng Day",2024,2024-11-28
"th.126","Thanksigivng Day",2025,2025-11-27
"th.127","Thanksigivng Day",2026,2026-11-26
"th.128","Thanksigivng Day",2027,2027-11-25
"th.129","Thanksigivng Day",2028,2028-11-23
"th.130","Thanksigivng Day",2029,2029-11-22
"th.131","Thanksigivng Day",2030,2030-11-28
"th.132","Thanksigivng Day",2031,2031-11-27
"th.133","Thanksigivng Day",2032,2032-11-25
"th.134","Thanksigivng Day",2033,2033-11-24
"th.135","Thanksigivng Day",2034,2034-11-23
"th.136","Thanksigivng Day",2035,2035-11-22
"th.137","Thanksigivng Day",2036,2036-11-27
"th.138","Thanksigivng Day",2037,2037-11-26
"th.139","Thanksigivng Day",2038,2038-11-25
"th.140","Thanksigivng Day",2039,2039-11-24
"th.141","Thanksigivng Day",2040,2040-11-22
"th.142","Thanksigivng Day",2041,2041-11-28
"th.143","Thanksigivng Day",2042,2042-11-27
"th.144","Thanksigivng Day",2043,2043-11-26
"th.145","Thanksigivng Day",2044,2044-11-24
"th.146","Thanksigivng Day",2045,2045-11-23
"th.147","Thanksigivng Day",2046,2046-11-22
"th.148","Thanksigivng Day",2047,2047-11-28
"th.149","Thanksigivng Day",2048,2048-11-26
"th.150","Thanksigivng Day",2049,2049-11-25
"th.151","Thanksigivng Day",2050,2050-11-24
"th.152","Thanksigivng Day",2051,2051-11-23
"th.153","Thanksigivng Day",2052,2052-11-28
"th.154","Thanksigivng Day",2053,2053-11-27
"th.155","Thanksigivng Day",2054,2054-11-26
"th.156","Thanksigivng Day",2055,2055-11-25
"th.157","Thanksigivng Day",2056,2056-11-23
"th.158","Thanksigivng Day",2057,2057-11-22
"th.159","Thanksigivng Day",2058,2058-11-28
"th.160","Thanksigivng Day",2059,2059-11-27
"th.161","Thanksigivng Day",2060,2060-11-25
"th.162","Thanksigivng Day",2061,2061-11-24
"th.163","Thanksigivng Day",2062,2062-11-23
"th.164","Thanksigivng Day",2063,2063-11-22
"th.165","Thanksigivng Day",2064,2064-11-27
"th.166","Thanksigivng Day",2065,2065-11-26
"th.167","Thanksigivng Day",2066,2066-11-25
"th.168","Thanksigivng Day",2067,2067-11-24
"th.169","Thanksigivng Day",2068,2068-11-22
"th.170","Thanksigivng Day",2069,2069-11-28
"th.171","Thanksigivng Day",2070,2070-11-27
"th.172","Thanksigivng Day",2071,2071-11-26
"th.173","Thanksigivng Day",2072,2072-11-24
"th.174","Thanksigivng Day",2073,2073-11-23
"th.175","Thanksigivng Day",2074,2074-11-22
"th.176","Thanksigivng Day",2075,2075-11-28
"th.177","Thanksigivng Day",2076,2076-11-26
"th.178","Thanksigivng Day",2077,2077-11-25
"th.179","Thanksigivng Day",2078,2078-11-24
"th.180","Thanksigivng Day",2079,2079-11-23
"th.181","Thanksigivng Day",2080,2080-11-28
"th.182","Thanksigivng Day",2081,2081-11-27
"th.183","Thanksigivng Day",2082,2082-11-26
"th.184","Thanksigivng Day",2083,2083-11-25
"th.185","Thanksigivng Day",2084,2084-11-23
"th.186","Thanksigivng Day",2085,2085-11-22
"th.187","Thanksigivng Day",2086,2086-11-28
"th.188","Thanksigivng Day",2087,2087-11-27
"th.189","Thanksigivng Day",2088,2088-11-25
"th.190","Thanksigivng Day",2089,2089-11-24
"th.191","Thanksigivng Day",2090,2090-11-23
"th.192","Thanksigivng Day",2091,2091-11-22
"th.193","Thanksigivng Day",2092,2092-11-27
"th.194","Thanksigivng Day",2093,2093-11-26
"th.195","Thanksigivng Day",2094,2094-11-25
"th.196","Thanksigivng Day",2095,2095-11-24
"th.197","Thanksigivng Day",2096,2096-11-22
"th.198","Thanksigivng Day",2097,2097-11-28
"th.199","Thanksigivng Day",2098,2098-11-27
"th.200","Thanksigivng Day",2099,2099-11-26
"th.201","Thanksigivng Day",2100,2100-11-25
"ch.1","Christmas Day",1900,1900-12-25
"ch.2","Christmas Day",1901,1901-12-25
"ch.3","Christmas Day",1902,1902-12-25
"ch.4","Christmas Day",1903,1903-12-25
"ch.5","Christmas Day",1904,1904-12-25
"ch.6","Christmas Day",1905,1905-12-25
"ch.7","Christmas Day",1906,1906-12-25
"ch.8","Christmas Day",1907,1907-12-25
"ch.9","Christmas Day",1908,1908-12-25
"ch.10","Christmas Day",1909,1909-12-25
"ch.11","Christmas Day",1910,1910-12-25
"ch.12","Christmas Day",1911,1911-12-25
"ch.13","Christmas Day",1912,1912-12-25
"ch.14","Christmas Day",1913,1913-12-25
"ch.15","Christmas Day",1914,1914-12-25
"ch.16","Christmas Day",1915,1915-12-25
"ch.17","Christmas Day",1916,1916-12-25
"ch.18","Christmas Day",1917,1917-12-25
"ch.19","Christmas Day",1918,1918-12-25
"ch.20","Christmas Day",1919,1919-12-25
"ch.21","Christmas Day",1920,1920-12-25
"ch.22","Christmas Day",1921,1921-12-25
"ch.23","Christmas Day",1922,1922-12-25
"ch.24","Christmas Day",1923,1923-12-25
"ch.25","Christmas Day",1924,1924-12-25
"ch.26","Christmas Day",1925,1925-12-25
"ch.27","Christmas Day",1926,1926-12-25
"ch.28","Christmas Day",1927,1927-12-25
"ch.29","Christmas Day",1928,1928-12-25
"ch.30","Christmas Day",1929,1929-12-25
"ch.31","Christmas Day",1930,1930-12-25
"ch.32","Christmas Day",1931,1931-12-25
"ch.33","Christmas Day",1932,1932-12-25
"ch.34","Christmas Day",1933,1933-12-25
"ch.35","Christmas Day",1934,1934-12-25
"ch.36","Christmas Day",1935,1935-12-25
"ch.37","Christmas Day",1936,1936-12-25
"ch.38","Christmas Day",1937,1937-12-25
"ch.39","Christmas Day",1938,1938-12-25
"ch.40","Christmas Day",1939,1939-12-25
"ch.41","Christmas Day",1940,1940-12-25
"ch.42","Christmas Day",1941,1941-12-25
"ch.43","Christmas Day",1942,1942-12-25
"ch.44","Christmas Day",1943,1943-12-25
"ch.45","Christmas Day",1944,1944-12-25
"ch.46","Christmas Day",1945,1945-12-25
"ch.47","Christmas Day",1946,1946-12-25
"ch.48","Christmas Day",1947,1947-12-25
"ch.49","Christmas Day",1948,1948-12-25
"ch.50","Christmas Day",1949,1949-12-25
"ch.51","Christmas Day",1950,1950-12-25
"ch.52","Christmas Day",1951,1951-12-25
"ch.53","Christmas Day",1952,1952-12-25
"ch.54","Christmas Day",1953,1953-12-25
"ch.55","Christmas Day",1954,1954-12-25
"ch.56","Christmas Day",1955,1955-12-25
"ch.57","Christmas Day",1956,1956-12-25
"ch.58","Christmas Day",1957,1957-12-25
"ch.59","Christmas Day",1958,1958-12-25
"ch.60","Christmas Day",1959,1959-12-25
"ch.61","Christmas Day",1960,1960-12-25
"ch.62","Christmas Day",1961,1961-12-25
"ch.63","Christmas Day",1962,1962-12-25
"ch.64","Christmas Day",1963,1963-12-25
"ch.65","Christmas Day",1964,1964-12-25
"ch.66","Christmas Day",1965,1965-12-25
"ch.67","Christmas Day",1966,1966-12-25
"ch.68","Christmas Day",1967,1967-12-25
"ch.69","Christmas Day",1968,1968-12-25
"ch.70","Christmas Day",1969,1969-12-25
"ch.71","Christmas Day",1970,1970-12-25
"ch.72","Christmas Day",1971,1971-12-25
"ch.73","Christmas Day",1972,1972-12-25
"ch.74","Christmas Day",1973,1973-12-25
"ch.75","Christmas Day",1974,1974-12-25
"ch.76","Christmas Day",1975,1975-12-25
"ch.77","Christmas Day",1976,1976-12-25
"ch.78","Christmas Day",1977,1977-12-25
"ch.79","Christmas Day",1978,1978-12-25
"ch.80","Christmas Day",1979,1979-12-25
"ch.81","Christmas Day",1980,1980-12-25
"ch.82","Christmas Day",1981,1981-12-25
"ch.83","Christmas Day",1982,1982-12-25
"ch.84","Christmas Day",1983,1983-12-25
"ch.85","Christmas Day",1984,1984-12-25
"ch.86","Christmas Day",1985,1985-12-25
"ch.87","Christmas Day",1986,1986-12-25
"ch.88","Christmas Day",1987,1987-12-25
"ch.89","Christmas Day",1988,1988-12-25
"ch.90","Christmas Day",1989,1989-12-25
"ch.91","Christmas Day",1990,1990-12-25
"ch.92","Christmas Day",1991,1991-12-25
"ch.93","Christmas Day",1992,1992-12-25
"ch.94","Christmas Day",1993,1993-12-25
"ch.95","Christmas Day",1994,1994-12-25
"ch.96","Christmas Day",1995,1995-12-25
"ch.97","Christmas Day",1996,1996-12-25
"ch.98","Christmas Day",1997,1997-12-25
"ch.99","Christmas Day",1998,1998-12-25
"ch.100","Christmas Day",1999,1999-12-25
"ch.101","Christmas Day",2000,2000-12-25
"ch.102","Christmas Day",2001,2001-12-25
"ch.103","Christmas Day",2002,2002-12-25
"ch.104","Christmas Day",2003,2003-12-25
"ch.105","Christmas Day",2004,2004-12-25
"ch.106","Christmas Day",2005,2005-12-25
"ch.107","Christmas Day",2006,2006-12-25
"ch.108","Christmas Day",2007,2007-12-25
"ch.109","Christmas Day",2008,2008-12-25
"ch.110","Christmas Day",2009,2009-12-25
"ch.111","Christmas Day",2010,2010-12-25
"ch.112","Christmas Day",2011,2011-12-25
"ch.113","Christmas Day",2012,2012-12-25
"ch.114","Christmas Day",2013,2013-12-25
"ch.115","Christmas Day",2014,2014-12-25
"ch.116","Christmas Day",2015,2015-12-25
"ch.117","Christmas Day",2016,2016-12-25
"ch.118","Christmas Day",2017,2017-12-25
"ch.119","Christmas Day",2018,2018-12-25
"ch.120","Christmas Day",2019,2019-12-25
"ch.121","Christmas Day",2020,2020-12-25
"ch.122","Christmas Day",2021,2021-12-25
"ch.123","Christmas Day",2022,2022-12-25
"ch.124","Christmas Day",2023,2023-12-25
"ch.125","Christmas Day",2024,2024-12-25
"ch.126","Christmas Day",2025,2025-12-25
"ch.127","Christmas Day",2026,2026-12-25
"ch.128","Christmas Day",2027,2027-12-25
"ch.129","Christmas Day",2028,2028-12-25
"ch.130","Christmas Day",2029,2029-12-25
"ch.131","Christmas Day",2030,2030-12-25
"ch.132","Christmas Day",2031,2031-12-25
"ch.133","Christmas Day",2032,2032-12-25
"ch.134","Christmas Day",2033,2033-12-25
"ch.135","Christmas Day",2034,2034-12-25
"ch.136","Christmas Day",2035,2035-12-25
"ch.137","Christmas Day",2036,2036-12-25
"ch.138","Christmas Day",2037,2037-12-25
"ch.139","Christmas Day",2038,2038-12-25
"ch.140","Christmas Day",2039,2039-12-25
"ch.141","Christmas Day",2040,2040-12-25
"ch.142","Christmas Day",2041,2041-12-25
"ch.143","Christmas Day",2042,2042-12-25
"ch.144","Christmas Day",2043,2043-12-25
"ch.145","Christmas Day",2044,2044-12-25
"ch.146","Christmas Day",2045,2045-12-25
"ch.147","Christmas Day",2046,2046-12-25
"ch.148","Christmas Day",2047,2047-12-25
"ch.149","Christmas Day",2048,2048-12-25
"ch.150","Christmas Day",2049,2049-12-25
"ch.151","Christmas Day",2050,2050-12-25
"ch.152","Christmas Day",2051,2051-12-25
"ch.153","Christmas Day",2052,2052-12-25
"ch.154","Christmas Day",2053,2053-12-25
"ch.155","Christmas Day",2054,2054-12-25
"ch.156","Christmas Day",2055,2055-12-25
"ch.157","Christmas Day",2056,2056-12-25
"ch.158","Christmas Day",2057,2057-12-25
"ch.159","Christmas Day",2058,2058-12-25
"ch.160","Christmas Day",2059,2059-12-25
"ch.161","Christmas Day",2060,2060-12-25
"ch.162","Christmas Day",2061,2061-12-25
"ch.163","Christmas Day",2062,2062-12-25
"ch.164","Christmas Day",2063,2063-12-25
"ch.165","Christmas Day",2064,2064-12-25
"ch.166","Christmas Day",2065,2065-12-25
"ch.167","Christmas Day",2066,2066-12-25
"ch.168","Christmas Day",2067,2067-12-25
"ch.169","Christmas Day",2068,2068-12-25
"ch.170","Christmas Day",2069,2069-12-25
"ch.171","Christmas Day",2070,2070-12-25
"ch.172","Christmas Day",2071,2071-12-25
"ch.173","Christmas Day",2072,2072-12-25
"ch.174","Christmas Day",2073,2073-12-25
"ch.175","Christmas Day",2074,2074-12-25
"ch.176","Christmas Day",2075,2075-12-25
"ch.177","Christmas Day",2076,2076-12-25
"ch.178","Christmas Day",2077,2077-12-25
"ch.179","Christmas Day",2078,2078-12-25
"ch.180","Christmas Day",2079,2079-12-25
"ch.181","Christmas Day",2080,2080-12-25
"ch.182","Christmas Day",2081,2081-12-25
"ch.183","Christmas Day",2082,2082-12-25
"ch.184","Christmas Day",2083,2083-12-25
"ch.185","Christmas Day",2084,2084-12-25
"ch.186","Christmas Day",2085,2085-12-25
"ch.187","Christmas Day",2086,2086-12-25
"ch.188","Christmas Day",2087,2087-12-25
"ch.189","Christmas Day",2088,2088-12-25
"ch.190","Christmas Day",2089,2089-12-25
"ch.191","Christmas Day",2090,2090-12-25
"ch.192","Christmas Day",2091,2091-12-25
"ch.193","Christmas Day",2092,2092-12-25
"ch.194","Christmas Day",2093,2093-12-25
"ch.195","Christmas Day",2094,2094-12-25
"ch.196","Christmas Day",2095,2095-12-25
"ch.197","Christmas Day",2096,2096-12-25
"ch.198","Christmas Day",2097,2097-12-25
"ch.199","Christmas Day",2098,2098-12-25
"ch.200","Christmas Day",2099,2099-12-25
"ch.201","Christmas Day",2100,2100-12-25
